Timestamp,CAN_ID,Data
1753378914.70,0x104,"[83, 38, 131, 212, 66, 239, 132, 80]"
1753378915.21,0x102,"[78, 39, 214, 118, 211, 16, 50, 84]"
1753378915.71,0x102,"[78, 32, 137, 45, 105, 88, 184, 117]"
1753378916.21,0x102,"[58, 8, 166, 14, 76, 206, 244, 15]"
1753378916.71,0x102,"[57, 241, 252, 64, 27, 122, 93, 2]"
1753378917.21,0x103,"[146, 96, 146, 146, 235, 55, 96, 133]"
1753378917.71,0x101,"[176, 208, 31, 100, 69, 185, 9, 142]"
1753378918.21,0x101,"[186, 8, 210, 178, 51, 194, 253, 67]"
1753378918.74,0x104,"[119, 50, 95, 89, 69, 54, 80, 67]"
1753378919.24,0x104,"[12, 66, 110, 186, 60, 151, 185, 111]"
1753378919.74,0x102,"[234, 27, 33, 104, 132, 198, 2, 172]"
1753378920.24,0x103,"[192, 56, 64, 155, 53, 193, 106, 51]"
1753378920.74,0x102,"[42, 223, 221, 240, 129, 71, 95, 249]"
1753378921.24,0x102,"[148, 247, 123, 219, 116, 148, 233, 176]"
1753378921.75,0x101,"[103, 113, 239, 241, 174, 32, 66, 147]"
1753378922.25,0x104,"[218, 210, 37, 31, 110, 183, 137, 43]"
1753378922.75,0x102,"[129, 220, 170, 200, 121, 26, 139, 160]"
1753378923.25,0x102,"[211, 140, 41, 99, 129, 97, 130, 116]"
1753378923.75,0x101,"[193, 241, 186, 218, 205, 36, 11, 52]"
1753378924.25,0x101,"[27, 146, 58, 122, 190, 210, 136, 237]"
2025-07-25 15:24:34,Temperature,70,0x103,0x46 0x0 0x0 0x0 0x0 0x0 0x0 0x0
2025-07-25 15:24:35,Speed,4,0x102,0x4 0x0 0x0 0x0 0x0 0x0 0x0 0x0
2025-07-25 15:24:35,RPM,900,0x101,0x3 0x84 0x0 0x0 0x0 0x0 0x0 0x0
2025-07-25 15:24:36,Speed,4,0x102,0x4 0x0 0x0 0x0 0x0 0x0 0x0 0x0
2025-07-25 15:24:36,Temperature,71,0x103,0x47 0x0 0x0 0x0 0x0 0x0 0x0 0x0
2025-07-25 15:24:37,Speed,12,0x102,0xc 0x0 0x0 0x0 0x0 0x0 0x0 0x0
2025-07-25 15:24:37,Temperature,72,0x103,0x48 0x0 0x0 0x0 0x0 0x0 0x0 0x0
2025-07-25 15:24:38,Fuel,99,0x104,0x63 0x0 0x0 0x0 0x0 0x0 0x0 0x0
2025-07-25 15:24:38,Fuel,99,0x104,0x63 0x0 0x0 0x0 0x0 0x0 0x0 0x0
2025-07-25 15:24:39,Temperature,73,0x103,0x49 0x0 0x0 0x0 0x0 0x0 0x0 0x0
2025-07-25 15:24:39,RPM,900,0x101,0x3 0x84 0x0 0x0 0x0 0x0 0x0 0x0
2025-07-25 15:24:40,Fuel,99,0x104,0x63 0x0 0x0 0x0 0x0 0x0 0x0 0x0
2025-07-25 15:24:40,RPM,900,0x101,0x3 0x84 0x0 0x0 0x0 0x0 0x0 0x0
2025-07-25 15:24:41,Temperature,74,0x103,0x4a 0x0 0x0 0x0 0x0 0x0 0x0 0x0
2025-07-25 15:24:41,Speed,28,0x102,0x1c 0x0 0x0 0x0 0x0 0x0 0x0 0x0
2025-07-25 15:24:42,Temperature,75,0x103,0x4b 0x0 0x0 0x0 0x0 0x0 0x0 0x0
2025-07-25 15:24:42,RPM,1120,0x101,0x4 0x60 0x0 0x0 0x0 0x0 0x0 0x0
2025-07-25 15:24:43,Temperature,76,0x103,0x4c 0x0 0x0 0x0 0x0 0x0 0x0 0x0
2025-07-25 15:24:43,RPM,986,0x101,0x3 0xda 0x0 0x0 0x0 0x0 0x0 0x0
2025-07-25 15:24:44,Temperature,76,0x103,0x4c 0x0 0x0 0x0 0x0 0x0 0x0 0x0
2025-07-25 15:24:44,Fuel,99,0x104,0x63 0x0 0x0 0x0 0x0 0x0 0x0 0x0
2025-07-25 15:24:45,Fuel,99,0x104,0x63 0x0 0x0 0x0 0x0 0x0 0x0 0x0
2025-07-25 15:24:45,Fuel,99,0x104,0x63 0x0 0x0 0x0 0x0 0x0 0x0 0x0
2025-07-25 15:24:46,RPM,900,0x101,0x3 0x84 0x0 0x0 0x0 0x0 0x0 0x0
2025-07-25 15:24:46,Temperature,78,0x103,0x4e 0x0 0x0 0x0 0x0 0x0 0x0 0x0
2025-07-25 15:24:47,Temperature,78,0x103,0x4e 0x0 0x0 0x0 0x0 0x0 0x0 0x0
2025-07-25 15:24:47,Fuel,99,0x104,0x63 0x0 0x0 0x0 0x0 0x0 0x0 0x0
2025-07-25 15:24:48,Temperature,79,0x103,0x4f 0x0 0x0 0x0 0x0 0x0 0x0 0x0
2025-07-25 15:24:48,Fuel,99,0x104,0x63 0x0 0x0 0x0 0x0 0x0 0x0 0x0
2025-07-25 15:24:49,RPM,900,0x101,0x3 0x84 0x0 0x0 0x0 0x0 0x0 0x0
2025-07-25 15:24:49,RPM,900,0x101,0x3 0x84 0x0 0x0 0x0 0x0 0x0 0x0
2025-07-25 15:24:50,Fuel,99,0x104,0x63 0x0 0x0 0x0 0x0 0x0 0x0 0x0
2025-07-25 15:24:50,Fuel,99,0x104,0x63 0x0 0x0 0x0 0x0 0x0 0x0 0x0
2025-07-25 15:24:51,Temperature,81,0x103,0x51 0x0 0x0 0x0 0x0 0x0 0x0 0x0
2025-07-25 15:24:51,Speed,17,0x102,0x11 0x0 0x0 0x0 0x0 0x0 0x0 0x0
2025-07-25 15:24:52,RPM,900,0x101,0x3 0x84 0x0 0x0 0x0 0x0 0x0 0x0
2025-07-25 15:24:52,RPM,900,0x101,0x3 0x84 0x0 0x0 0x0 0x0 0x0 0x0
2025-07-25 15:24:53,Fuel,98,0x104,0x62 0x0 0x0 0x0 0x0 0x0 0x0 0x0
2025-07-25 15:24:54,Speed,12,0x102,0xc 0x0 0x0 0x0 0x0 0x0 0x0 0x0
2025-07-25 15:24:54,Fuel,98,0x104,0x62 0x0 0x0 0x0 0x0 0x0 0x0 0x0
2025-07-25 15:24:55,RPM,900,0x101,0x3 0x84 0x0 0x0 0x0 0x0 0x0 0x0
2025-07-25 15:24:55,Fuel,98,0x104,0x62 0x0 0x0 0x0 0x0 0x0 0x0 0x0
2025-07-25 15:24:56,RPM,900,0x101,0x3 0x84 0x0 0x0 0x0 0x0 0x0 0x0
2025-07-25 15:24:56,Speed,7,0x102,0x7 0x0 0x0 0x0 0x0 0x0 0x0 0x0
2025-07-25 15:24:57,Speed,6,0x102,0x6 0x0 0x0 0x0 0x0 0x0 0x0 0x0
2025-07-25 15:24:57,Speed,5,0x102,0x5 0x0 0x0 0x0 0x0 0x0 0x0 0x0
2025-07-25 15:24:58,Temperature,85,0x103,0x55 0x0 0x0 0x0 0x0 0x0 0x0 0x0
2025-07-25 15:24:58,RPM,900,0x101,0x3 0x84 0x0 0x0 0x0 0x0 0x0 0x0
2025-07-25 15:24:59,Speed,0,0x102,0x0 0x0 0x0 0x0 0x0 0x0 0x0 0x0
2025-07-25 15:24:59,Temperature,86,0x103,0x56 0x0 0x0 0x0 0x0 0x0 0x0 0x0
2025-07-25 15:25:00,Fuel,98,0x104,0x62 0x0 0x0 0x0 0x0 0x0 0x0 0x0
2025-07-25 15:25:00,Temperature,87,0x103,0x57 0x0 0x0 0x0 0x0 0x0 0x0 0x0
2025-07-25 15:25:01,Temperature,87,0x103,0x57 0x0 0x0 0x0 0x0 0x0 0x0 0x0
2025-07-25 15:25:01,Speed,0,0x102,0x0 0x0 0x0 0x0 0x0 0x0 0x0 0x0
2025-07-25 15:25:02,Fuel,98,0x104,0x62 0x0 0x0 0x0 0x0 0x0 0x0 0x0
2025-07-25 15:25:02,Speed,0,0x102,0x0 0x0 0x0 0x0 0x0 0x0 0x0 0x0
2025-07-25 15:25:03,RPM,900,0x101,0x3 0x84 0x0 0x0 0x0 0x0 0x0 0x0
2025-07-25 15:25:03,Speed,3,0x102,0x3 0x0 0x0 0x0 0x0 0x0 0x0 0x0
2025-07-25 15:25:04,Temperature,89,0x103,0x59 0x0 0x0 0x0 0x0 0x0 0x0 0x0
2025-07-25 15:25:04,Speed,5,0x102,0x5 0x0 0x0 0x0 0x0 0x0 0x0 0x0
2025-07-25 15:25:05,Speed,4,0x102,0x4 0x0 0x0 0x0 0x0 0x0 0x0 0x0
2025-07-25 15:25:05,RPM,900,0x101,0x3 0x84 0x0 0x0 0x0 0x0 0x0 0x0
2025-07-25 15:25:06,Temperature,90,0x103,0x5a 0x0 0x0 0x0 0x0 0x0 0x0 0x0
2025-07-25 15:25:06,Speed,9,0x102,0x9 0x0 0x0 0x0 0x0 0x0 0x0 0x0
2025-07-25 15:25:07,Temperature,91,0x103,0x5b 0x0 0x0 0x0 0x0 0x0 0x0 0x0
2025-07-25 15:25:07,RPM,900,0x101,0x3 0x84 0x0 0x0 0x0 0x0 0x0 0x0
2025-07-25 15:25:08,Speed,3,0x102,0x3 0x0 0x0 0x0 0x0 0x0 0x0 0x0
2025-07-25 15:25:08,Temperature,92,0x103,0x5c 0x0 0x0 0x0 0x0 0x0 0x0 0x0
2025-07-25 15:25:09,Fuel,98,0x104,0x62 0x0 0x0 0x0 0x0 0x0 0x0 0x0
2025-07-25 15:25:09,Speed,5,0x102,0x5 0x0 0x0 0x0 0x0 0x0 0x0 0x0
2025-07-25 15:25:10,Speed,8,0x102,0x8 0x0 0x0 0x0 0x0 0x0 0x0 0x0
2025-07-25 15:25:10,Temperature,93,0x103,0x5d 0x0 0x0 0x0 0x0 0x0 0x0 0x0
2025-07-25 15:25:11,Temperature,94,0x103,0x5e 0x0 0x0 0x0 0x0 0x0 0x0 0x0
2025-07-25 15:25:11,RPM,900,0x101,0x3 0x84 0x0 0x0 0x0 0x0 0x0 0x0
2025-07-25 15:25:12,RPM,900,0x101,0x3 0x84 0x0 0x0 0x0 0x0 0x0 0x0
2025-07-25 15:25:12,Speed,8,0x102,0x8 0x0 0x0 0x0 0x0 0x0 0x0 0x0
2025-07-25 15:25:13,Fuel,98,0x104,0x62 0x0 0x0 0x0 0x0 0x0 0x0 0x0
2025-07-25 15:25:13,Fuel,98,0x104,0x62 0x0 0x0 0x0 0x0 0x0 0x0 0x0
2025-07-25 15:25:14,Speed,7,0x102,0x7 0x0 0x0 0x0 0x0 0x0 0x0 0x0
2025-07-25 15:25:14,Temperature,95,0x103,0x5f 0x0 0x0 0x0 0x0 0x0 0x0 0x0
2025-07-25 15:25:15,Fuel,98,0x104,0x62 0x0 0x0 0x0 0x0 0x0 0x0 0x0
2025-07-25 15:25:15,RPM,900,0x101,0x3 0x84 0x0 0x0 0x0 0x0 0x0 0x0
2025-07-25 15:25:16,Fuel,98,0x104,0x62 0x0 0x0 0x0 0x0 0x0 0x0 0x0
2025-07-25 15:25:16,Temperature,95,0x103,0x5f 0x0 0x0 0x0 0x0 0x0 0x0 0x0
2025-07-25 15:25:17,RPM,900,0x101,0x3 0x84 0x0 0x0 0x0 0x0 0x0 0x0
2025-07-25 15:25:18,Fuel,98,0x104,0x62 0x0 0x0 0x0 0x0 0x0 0x0 0x0
2025-07-25 15:25:18,Speed,9,0x102,0x9 0x0 0x0 0x0 0x0 0x0 0x0 0x0
2025-07-25 15:25:19,RPM,900,0x101,0x3 0x84 0x0 0x0 0x0 0x0 0x0 0x0
2025-07-25 15:25:19,Speed,8,0x102,0x8 0x0 0x0 0x0 0x0 0x0 0x0 0x0
2025-07-25 15:25:20,Temperature,95,0x103,0x5f 0x0 0x0 0x0 0x0 0x0 0x0 0x0
2025-07-25 15:25:20,RPM,900,0x101,0x3 0x84 0x0 0x0 0x0 0x0 0x0 0x0
2025-07-25 15:25:21,RPM,900,0x101,0x3 0x84 0x0 0x0 0x0 0x0 0x0 0x0
2025-07-25 15:25:21,Speed,4,0x102,0x4 0x0 0x0 0x0 0x0 0x0 0x0 0x0
2025-07-25 15:25:22,RPM,900,0x101,0x3 0x84 0x0 0x0 0x0 0x0 0x0 0x0
2025-07-25 15:25:22,Fuel,97,0x104,0x61 0x0 0x0 0x0 0x0 0x0 0x0 0x0
2025-07-25 15:25:23,Speed,0,0x102,0x0 0x0 0x0 0x0 0x0 0x0 0x0 0x0
2025-07-25 15:25:23,RPM,766,0x101,0x2 0xfe 0x0 0x0 0x0 0x0 0x0 0x0
2025-07-25 15:25:24,Temperature,95,0x103,0x5f 0x0 0x0 0x0 0x0 0x0 0x0 0x0
2025-07-25 15:25:24,Temperature,95,0x103,0x5f 0x0 0x0 0x0 0x0 0x0 0x0 0x0
2025-07-25 15:25:25,RPM,764,0x101,0x2 0xfc 0x0 0x0 0x0 0x0 0x0 0x0
2025-07-25 15:25:25,Temperature,95,0x103,0x5f 0x0 0x0 0x0 0x0 0x0 0x0 0x0
2025-07-25 15:25:26,RPM,900,0x101,0x3 0x84 0x0 0x0 0x0 0x0 0x0 0x0
2025-07-25 15:25:26,Speed,1,0x102,0x1 0x0 0x0 0x0 0x0 0x0 0x0 0x0
2025-07-25 15:25:27,Fuel,97,0x104,0x61 0x0 0x0 0x0 0x0 0x0 0x0 0x0
2025-07-25 15:25:27,Fuel,97,0x104,0x61 0x0 0x0 0x0 0x0 0x0 0x0 0x0
2025-07-25 15:25:28,Temperature,95,0x103,0x5f 0x0 0x0 0x0 0x0 0x0 0x0 0x0
2025-07-25 15:25:28,RPM,789,0x101,0x3 0x15 0x0 0x0 0x0 0x0 0x0 0x0
2025-07-25 15:25:29,RPM,776,0x101,0x3 0x8 0x0 0x0 0x0 0x0 0x0 0x0
2025-07-25 15:25:29,Fuel,97,0x104,0x61 0x0 0x0 0x0 0x0 0x0 0x0 0x0
2025-07-25 15:25:30,RPM,900,0x101,0x3 0x84 0x0 0x0 0x0 0x0 0x0 0x0
2025-07-25 15:25:30,RPM,900,0x101,0x3 0x84 0x0 0x0 0x0 0x0 0x0 0x0
2025-07-25 15:25:31,Temperature,95,0x103,0x5f 0x0 0x0 0x0 0x0 0x0 0x0 0x0
2025-07-25 15:25:31,Speed,0,0x102,0x0 0x0 0x0 0x0 0x0 0x0 0x0 0x0
2025-07-25 15:25:32,Temperature,95,0x103,0x5f 0x0 0x0 0x0 0x0 0x0 0x0 0x0
2025-07-25 15:25:32,Fuel,97,0x104,0x61 0x0 0x0 0x0 0x0 0x0 0x0 0x0
2025-07-25 15:25:33,Temperature,95,0x103,0x5f 0x0 0x0 0x0 0x0 0x0 0x0 0x0
2025-07-25 15:25:33,RPM,900,0x101,0x3 0x84 0x0 0x0 0x0 0x0 0x0 0x0
2025-07-25 15:25:34,Temperature,95,0x103,0x5f 0x0 0x0 0x0 0x0 0x0 0x0 0x0
2025-07-25 15:25:34,RPM,900,0x101,0x3 0x84 0x0 0x0 0x0 0x0 0x0 0x0
2025-07-25 15:25:35,Temperature,95,0x103,0x5f 0x0 0x0 0x0 0x0 0x0 0x0 0x0
2025-07-25 15:25:35,Temperature,95,0x103,0x5f 0x0 0x0 0x0 0x0 0x0 0x0 0x0
2025-07-25 15:25:36,Fuel,97,0x104,0x61 0x0 0x0 0x0 0x0 0x0 0x0 0x0
2025-07-25 15:25:36,Fuel,97,0x104,0x61 0x0 0x0 0x0 0x0 0x0 0x0 0x0
2025-07-25 15:25:37,Temperature,95,0x103,0x5f 0x0 0x0 0x0 0x0 0x0 0x0 0x0
2025-07-25 15:25:37,RPM,900,0x101,0x3 0x84 0x0 0x0 0x0 0x0 0x0 0x0
2025-07-25 15:25:38,RPM,900,0x101,0x3 0x84 0x0 0x0 0x0 0x0 0x0 0x0
2025-07-25 15:25:38,Temperature,95,0x103,0x5f 0x0 0x0 0x0 0x0 0x0 0x0 0x0
2025-07-25 15:25:39,Temperature,95,0x103,0x5f 0x0 0x0 0x0 0x0 0x0 0x0 0x0
2025-07-25 15:25:39,Fuel,97,0x104,0x61 0x0 0x0 0x0 0x0 0x0 0x0 0x0
2025-07-25 15:25:40,Temperature,95,0x103,0x5f 0x0 0x0 0x0 0x0 0x0 0x0 0x0
2025-07-25 15:25:40,RPM,804,0x101,0x3 0x24 0x0 0x0 0x0 0x0 0x0 0x0
2025-07-25 15:25:41,Fuel,97,0x104,0x61 0x0 0x0 0x0 0x0 0x0 0x0 0x0
2025-07-25 15:25:41,Temperature,95,0x103,0x5f 0x0 0x0 0x0 0x0 0x0 0x0 0x0
2025-07-25 15:25:42,RPM,848,0x101,0x3 0x50 0x0 0x0 0x0 0x0 0x0 0x0
2025-07-25 15:25:42,Temperature,94,0x103,0x5e 0x0 0x0 0x0 0x0 0x0 0x0 0x0
2025-07-25 15:25:43,Speed,1,0x102,0x1 0x0 0x0 0x0 0x0 0x0 0x0 0x0
2025-07-25 15:25:43,RPM,828,0x101,0x3 0x3c 0x0 0x0 0x0 0x0 0x0 0x0
2025-07-25 15:25:44,Speed,0,0x102,0x0 0x0 0x0 0x0 0x0 0x0 0x0 0x0
2025-07-25 15:25:44,Speed,0,0x102,0x0 0x0 0x0 0x0 0x0 0x0 0x0 0x0
2025-07-25 15:25:45,Temperature,95,0x103,0x5f 0x0 0x0 0x0 0x0 0x0 0x0 0x0
2025-07-25 15:25:45,Speed,0,0x102,0x0 0x0 0x0 0x0 0x0 0x0 0x0 0x0
2025-07-25 15:25:46,RPM,792,0x101,0x3 0x18 0x0 0x0 0x0 0x0 0x0 0x0
2025-07-25 15:25:46,Temperature,95,0x103,0x5f 0x0 0x0 0x0 0x0 0x0 0x0 0x0
2025-07-25 15:25:47,Speed,0,0x102,0x0 0x0 0x0 0x0 0x0 0x0 0x0 0x0
2025-07-25 15:25:48,Temperature,94,0x103,0x5e 0x0 0x0 0x0 0x0 0x0 0x0 0x0
2025-07-25 15:25:48,Speed,0,0x102,0x0 0x0 0x0 0x0 0x0 0x0 0x0 0x0
2025-07-25 15:25:49,RPM,808,0x101,0x3 0x28 0x0 0x0 0x0 0x0 0x0 0x0
2025-07-25 15:25:49,Temperature,95,0x103,0x5f 0x0 0x0 0x0 0x0 0x0 0x0 0x0
2025-07-25 15:25:50,RPM,825,0x101,0x3 0x39 0x0 0x0 0x0 0x0 0x0 0x0
2025-07-25 15:25:50,Speed,0,0x102,0x0 0x0 0x0 0x0 0x0 0x0 0x0 0x0
2025-07-25 15:25:51,Fuel,97,0x104,0x61 0x0 0x0 0x0 0x0 0x0 0x0 0x0
2025-07-25 15:25:51,Temperature,95,0x103,0x5f 0x0 0x0 0x0 0x0 0x0 0x0 0x0
2025-07-25 15:25:52,RPM,900,0x101,0x3 0x84 0x0 0x0 0x0 0x0 0x0 0x0
2025-07-25 15:25:52,RPM,820,0x101,0x3 0x34 0x0 0x0 0x0 0x0 0x0 0x0
2025-07-25 15:25:53,Speed,0,0x102,0x0 0x0 0x0 0x0 0x0 0x0 0x0 0x0
2025-07-25 15:25:53,Temperature,95,0x103,0x5f 0x0 0x0 0x0 0x0 0x0 0x0 0x0
2025-07-25 15:25:54,Fuel,97,0x104,0x61 0x0 0x0 0x0 0x0 0x0 0x0 0x0
2025-07-25 15:25:54,Speed,0,0x102,0x0 0x0 0x0 0x0 0x0 0x0 0x0 0x0
2025-07-25 15:25:55,Fuel,97,0x104,0x61 0x0 0x0 0x0 0x0 0x0 0x0 0x0
2025-07-25 15:25:55,Speed,5,0x102,0x5 0x0 0x0 0x0 0x0 0x0 0x0 0x0
2025-07-25 15:25:56,RPM,900,0x101,0x3 0x84 0x0 0x0 0x0 0x0 0x0 0x0
2025-07-25 15:25:56,Temperature,95,0x103,0x5f 0x0 0x0 0x0 0x0 0x0 0x0 0x0
2025-07-25 15:25:57,Speed,1,0x102,0x1 0x0 0x0 0x0 0x0 0x0 0x0 0x0
2025-07-25 15:25:57,Speed,0,0x102,0x0 0x0 0x0 0x0 0x0 0x0 0x0 0x0
2025-07-25 15:25:58,Fuel,97,0x104,0x61 0x0 0x0 0x0 0x0 0x0 0x0 0x0
2025-07-25 15:25:58,Temperature,95,0x103,0x5f 0x0 0x0 0x0 0x0 0x0 0x0 0x0
2025-07-25 15:25:59,Temperature,95,0x103,0x5f 0x0 0x0 0x0 0x0 0x0 0x0 0x0
2025-07-25 15:25:59,Temperature,95,0x103,0x5f 0x0 0x0 0x0 0x0 0x0 0x0 0x0
2025-07-25 15:26:00,Temperature,94,0x103,0x5e 0x0 0x0 0x0 0x0 0x0 0x0 0x0
2025-07-25 15:26:00,RPM,829,0x101,0x3 0x3d 0x0 0x0 0x0 0x0 0x0 0x0
2025-07-25 15:26:01,Temperature,95,0x103,0x5f 0x0 0x0 0x0 0x0 0x0 0x0 0x0
2025-07-25 15:26:01,RPM,762,0x101,0x2 0xfa 0x0 0x0 0x0 0x0 0x0 0x0
2025-07-25 15:26:02,Temperature,95,0x103,0x5f 0x0 0x0 0x0 0x0 0x0 0x0 0x0
2025-07-25 15:26:02,Fuel,97,0x104,0x61 0x0 0x0 0x0 0x0 0x0 0x0 0x0
2025-07-25 15:26:03,Temperature,95,0x103,0x5f 0x0 0x0 0x0 0x0 0x0 0x0 0x0
2025-07-25 15:26:03,Temperature,95,0x103,0x5f 0x0 0x0 0x0 0x0 0x0 0x0 0x0
2025-07-25 15:26:04,Speed,0,0x102,0x0 0x0 0x0 0x0 0x0 0x0 0x0 0x0
2025-07-25 15:26:04,RPM,776,0x101,0x3 0x8 0x0 0x0 0x0 0x0 0x0 0x0
2025-07-25 15:26:05,Temperature,95,0x103,0x5f 0x0 0x0 0x0 0x0 0x0 0x0 0x0
2025-07-25 15:26:05,Speed,1,0x102,0x1 0x0 0x0 0x0 0x0 0x0 0x0 0x0
2025-07-25 15:26:06,RPM,791,0x101,0x3 0x17 0x0 0x0 0x0 0x0 0x0 0x0
2025-07-25 15:26:06,Temperature,95,0x103,0x5f 0x0 0x0 0x0 0x0 0x0 0x0 0x0
2025-07-25 15:26:07,RPM,832,0x101,0x3 0x40 0x0 0x0 0x0 0x0 0x0 0x0
2025-07-25 15:26:07,RPM,847,0x101,0x3 0x4f 0x0 0x0 0x0 0x0 0x0 0x0
2025-07-25 15:26:08,Speed,0,0x102,0x0 0x0 0x0 0x0 0x0 0x0 0x0 0x0
2025-07-25 15:26:08,RPM,900,0x101,0x3 0x84 0x0 0x0 0x0 0x0 0x0 0x0
2025-07-25 15:26:09,Temperature,95,0x103,0x5f 0x0 0x0 0x0 0x0 0x0 0x0 0x0
2025-07-25 15:26:09,RPM,900,0x101,0x3 0x84 0x0 0x0 0x0 0x0 0x0 0x0
2025-07-25 15:26:10,Temperature,95,0x103,0x5f 0x0 0x0 0x0 0x0 0x0 0x0 0x0
2025-07-25 15:26:10,Speed,4,0x102,0x4 0x0 0x0 0x0 0x0 0x0 0x0 0x0
2025-07-25 15:26:11,RPM,900,0x101,0x3 0x84 0x0 0x0 0x0 0x0 0x0 0x0
2025-07-25 15:26:11,Fuel,97,0x104,0x61 0x0 0x0 0x0 0x0 0x0 0x0 0x0
2025-07-25 15:26:12,Speed,12,0x102,0xc 0x0 0x0 0x0 0x0 0x0 0x0 0x0
2025-07-25 15:26:12,RPM,900,0x101,0x3 0x84 0x0 0x0 0x0 0x0 0x0 0x0
2025-07-25 15:26:13,Fuel,96,0x104,0x60 0x0 0x0 0x0 0x0 0x0 0x0 0x0
2025-07-25 15:26:13,Temperature,95,0x103,0x5f 0x0 0x0 0x0 0x0 0x0 0x0 0x0
2025-07-25 15:26:14,Speed,9,0x102,0x9 0x0 0x0 0x0 0x0 0x0 0x0 0x0
2025-07-25 15:26:14,RPM,900,0x101,0x3 0x84 0x0 0x0 0x0 0x0 0x0 0x0
2025-07-25 15:26:15,Speed,4,0x102,0x4 0x0 0x0 0x0 0x0 0x0 0x0 0x0
2025-07-25 15:26:15,Fuel,96,0x104,0x60 0x0 0x0 0x0 0x0 0x0 0x0 0x0
2025-07-25 15:26:16,Fuel,96,0x104,0x60 0x0 0x0 0x0 0x0 0x0 0x0 0x0
2025-07-25 15:26:16,Fuel,96,0x104,0x60 0x0 0x0 0x0 0x0 0x0 0x0 0x0
2025-07-25 15:26:17,RPM,900,0x101,0x3 0x84 0x0 0x0 0x0 0x0 0x0 0x0
2025-07-25 15:26:17,Temperature,95,0x103,0x5f 0x0 0x0 0x0 0x0 0x0 0x0 0x0
2025-07-25 15:26:18,Fuel,96,0x104,0x60 0x0 0x0 0x0 0x0 0x0 0x0 0x0
2025-07-25 15:26:18,Fuel,96,0x104,0x60 0x0 0x0 0x0 0x0 0x0 0x0 0x0
2025-07-25 15:26:19,Temperature,94,0x103,0x5e 0x0 0x0 0x0 0x0 0x0 0x0 0x0
2025-07-25 15:26:20,Fuel,96,0x104,0x60 0x0 0x0 0x0 0x0 0x0 0x0 0x0
2025-07-25 15:26:20,RPM,900,0x101,0x3 0x84 0x0 0x0 0x0 0x0 0x0 0x0
2025-07-25 15:26:21,Temperature,95,0x103,0x5f 0x0 0x0 0x0 0x0 0x0 0x0 0x0
2025-07-25 15:26:21,RPM,900,0x101,0x3 0x84 0x0 0x0 0x0 0x0 0x0 0x0
2025-07-25 15:26:22,Temperature,95,0x103,0x5f 0x0 0x0 0x0 0x0 0x0 0x0 0x0
2025-07-25 15:26:22,Fuel,96,0x104,0x60 0x0 0x0 0x0 0x0 0x0 0x0 0x0
2025-07-25 15:26:23,Temperature,95,0x103,0x5f 0x0 0x0 0x0 0x0 0x0 0x0 0x0
2025-07-25 15:26:23,Speed,4,0x102,0x4 0x0 0x0 0x0 0x0 0x0 0x0 0x0
2025-07-25 15:26:24,Speed,5,0x102,0x5 0x0 0x0 0x0 0x0 0x0 0x0 0x0
2025-07-25 15:26:24,Speed,3,0x102,0x3 0x0 0x0 0x0 0x0 0x0 0x0 0x0
2025-07-25 15:26:25,Speed,1,0x102,0x1 0x0 0x0 0x0 0x0 0x0 0x0 0x0
2025-07-25 15:26:25,Speed,0,0x102,0x0 0x0 0x0 0x0 0x0 0x0 0x0 0x0
2025-07-25 15:26:26,Fuel,96,0x104,0x60 0x0 0x0 0x0 0x0 0x0 0x0 0x0
2025-07-25 15:26:26,RPM,792,0x101,0x3 0x18 0x0 0x0 0x0 0x0 0x0 0x0
2025-07-25 15:26:27,Speed,0,0x102,0x0 0x0 0x0 0x0 0x0 0x0 0x0 0x0
2025-07-25 15:26:27,RPM,900,0x101,0x3 0x84 0x0 0x0 0x0 0x0 0x0 0x0
2025-07-25 15:26:28,Speed,0,0x102,0x0 0x0 0x0 0x0 0x0 0x0 0x0 0x0
2025-07-25 15:26:28,Fuel,96,0x104,0x60 0x0 0x0 0x0 0x0 0x0 0x0 0x0
2025-07-25 15:26:29,Temperature,95,0x103,0x5f 0x0 0x0 0x0 0x0 0x0 0x0 0x0
2025-07-25 15:26:29,Temperature,95,0x103,0x5f 0x0 0x0 0x0 0x0 0x0 0x0 0x0
2025-07-25 15:26:30,RPM,900,0x101,0x3 0x84 0x0 0x0 0x0 0x0 0x0 0x0
2025-07-25 15:26:30,Speed,8,0x102,0x8 0x0 0x0 0x0 0x0 0x0 0x0 0x0
2025-07-25 15:26:31,Fuel,95,0x104,0x5f 0x0 0x0 0x0 0x0 0x0 0x0 0x0
2025-07-25 15:26:31,Speed,8,0x102,0x8 0x0 0x0 0x0 0x0 0x0 0x0 0x0
2025-07-25 15:26:32,RPM,900,0x101,0x3 0x84 0x0 0x0 0x0 0x0 0x0 0x0
2025-07-25 15:26:32,RPM,900,0x101,0x3 0x84 0x0 0x0 0x0 0x0 0x0 0x0
2025-07-25 15:26:33,Fuel,95,0x104,0x5f 0x0 0x0 0x0 0x0 0x0 0x0 0x0
2025-07-25 15:26:33,Speed,7,0x102,0x7 0x0 0x0 0x0 0x0 0x0 0x0 0x0
2025-07-25 15:26:34,RPM,900,0x101,0x3 0x84 0x0 0x0 0x0 0x0 0x0 0x0
2025-07-25 15:26:34,RPM,900,0x101,0x3 0x84 0x0 0x0 0x0 0x0 0x0 0x0
2025-07-25 15:26:35,Speed,1,0x102,0x1 0x0 0x0 0x0 0x0 0x0 0x0 0x0
2025-07-25 15:26:35,RPM,900,0x101,0x3 0x84 0x0 0x0 0x0 0x0 0x0 0x0
2025-07-25 15:26:36,Speed,0,0x102,0x0 0x0 0x0 0x0 0x0 0x0 0x0 0x0
2025-07-25 15:26:36,Temperature,95,0x103,0x5f 0x0 0x0 0x0 0x0 0x0 0x0 0x0
2025-07-25 15:26:37,RPM,827,0x101,0x3 0x3b 0x0 0x0 0x0 0x0 0x0 0x0
2025-07-25 15:26:37,Fuel,95,0x104,0x5f 0x0 0x0 0x0 0x0 0x0 0x0 0x0
2025-07-25 15:26:38,Fuel,95,0x104,0x5f 0x0 0x0 0x0 0x0 0x0 0x0 0x0
2025-07-25 15:26:38,RPM,775,0x101,0x3 0x7 0x0 0x0 0x0 0x0 0x0 0x0
2025-07-25 15:26:39,RPM,900,0x101,0x3 0x84 0x0 0x0 0x0 0x0 0x0 0x0
2025-07-25 15:26:39,Fuel,95,0x104,0x5f 0x0 0x0 0x0 0x0 0x0 0x0 0x0
2025-07-25 15:26:40,Fuel,95,0x104,0x5f 0x0 0x0 0x0 0x0 0x0 0x0 0x0
2025-07-25 15:26:40,Speed,0,0x102,0x0 0x0 0x0 0x0 0x0 0x0 0x0 0x0
2025-07-25 15:26:41,RPM,900,0x101,0x3 0x84 0x0 0x0 0x0 0x0 0x0 0x0
2025-07-25 15:26:41,RPM,900,0x101,0x3 0x84 0x0 0x0 0x0 0x0 0x0 0x0
2025-07-25 15:26:42,Temperature,95,0x103,0x5f 0x0 0x0 0x0 0x0 0x0 0x0 0x0
2025-07-25 15:26:42,Fuel,95,0x104,0x5f 0x0 0x0 0x0 0x0 0x0 0x0 0x0
2025-07-25 15:26:43,Speed,0,0x102,0x0 0x0 0x0 0x0 0x0 0x0 0x0 0x0
2025-07-25 15:26:43,RPM,841,0x101,0x3 0x49 0x0 0x0 0x0 0x0 0x0 0x0
2025-07-25 15:26:44,Fuel,95,0x104,0x5f 0x0 0x0 0x0 0x0 0x0 0x0 0x0
2025-07-25 15:26:44,RPM,900,0x101,0x3 0x84 0x0 0x0 0x0 0x0 0x0 0x0
2025-07-25 15:26:45,Speed,0,0x102,0x0 0x0 0x0 0x0 0x0 0x0 0x0 0x0
2025-07-25 15:26:45,Temperature,95,0x103,0x5f 0x0 0x0 0x0 0x0 0x0 0x0 0x0
2025-07-25 15:26:46,Temperature,95,0x103,0x5f 0x0 0x0 0x0 0x0 0x0 0x0 0x0
2025-07-25 15:26:46,Fuel,95,0x104,0x5f 0x0 0x0 0x0 0x0 0x0 0x0 0x0
2025-07-25 15:26:47,Fuel,95,0x104,0x5f 0x0 0x0 0x0 0x0 0x0 0x0 0x0
2025-07-25 15:26:48,Temperature,96,0x103,0x60 0x0 0x0 0x0 0x0 0x0 0x0 0x0
2025-07-25 15:26:48,RPM,808,0x101,0x3 0x28 0x0 0x0 0x0 0x0 0x0 0x0
2025-07-25 15:26:49,Fuel,95,0x104,0x5f 0x0 0x0 0x0 0x0 0x0 0x0 0x0
2025-07-25 15:26:49,Fuel,95,0x104,0x5f 0x0 0x0 0x0 0x0 0x0 0x0 0x0
2025-07-25 15:26:50,Speed,6,0x102,0x6 0x0 0x0 0x0 0x0 0x0 0x0 0x0
2025-07-25 15:26:50,Fuel,95,0x104,0x5f 0x0 0x0 0x0 0x0 0x0 0x0 0x0
2025-07-25 15:26:51,RPM,900,0x101,0x3 0x84 0x0 0x0 0x0 0x0 0x0 0x0
2025-07-25 15:26:51,Speed,0,0x102,0x0 0x0 0x0 0x0 0x0 0x0 0x0 0x0
2025-07-25 15:26:52,Speed,3,0x102,0x3 0x0 0x0 0x0 0x0 0x0 0x0 0x0
2025-07-25 15:26:52,Speed,1,0x102,0x1 0x0 0x0 0x0 0x0 0x0 0x0 0x0
2025-07-25 15:26:53,Temperature,96,0x103,0x60 0x0 0x0 0x0 0x0 0x0 0x0 0x0
2025-07-25 15:26:53,Speed,2,0x102,0x2 0x0 0x0 0x0 0x0 0x0 0x0 0x0
2025-07-25 15:26:54,RPM,900,0x101,0x3 0x84 0x0 0x0 0x0 0x0 0x0 0x0
2025-07-25 15:26:54,Fuel,95,0x104,0x5f 0x0 0x0 0x0 0x0 0x0 0x0 0x0
2025-07-25 15:26:55,RPM,813,0x101,0x3 0x2d 0x0 0x0 0x0 0x0 0x0 0x0
2025-07-25 15:26:55,Temperature,96,0x103,0x60 0x0 0x0 0x0 0x0 0x0 0x0 0x0
2025-07-25 15:26:56,Fuel,95,0x104,0x5f 0x0 0x0 0x0 0x0 0x0 0x0 0x0
2025-07-25 15:26:56,RPM,900,0x101,0x3 0x84 0x0 0x0 0x0 0x0 0x0 0x0
2025-07-25 15:26:57,Speed,9,0x102,0x9 0x0 0x0 0x0 0x0 0x0 0x0 0x0
2025-07-25 15:26:57,Temperature,96,0x103,0x60 0x0 0x0 0x0 0x0 0x0 0x0 0x0
2025-07-25 15:26:58,Temperature,96,0x103,0x60 0x0 0x0 0x0 0x0 0x0 0x0 0x0
2025-07-25 15:26:58,Fuel,95,0x104,0x5f 0x0 0x0 0x0 0x0 0x0 0x0 0x0
2025-07-25 15:26:59,RPM,900,0x101,0x3 0x84 0x0 0x0 0x0 0x0 0x0 0x0
2025-07-25 15:26:59,RPM,900,0x101,0x3 0x84 0x0 0x0 0x0 0x0 0x0 0x0
2025-07-25 15:27:00,Temperature,96,0x103,0x60 0x0 0x0 0x0 0x0 0x0 0x0 0x0
2025-07-25 15:27:00,Fuel,95,0x104,0x5f 0x0 0x0 0x0 0x0 0x0 0x0 0x0
2025-07-25 15:27:01,Speed,5,0x102,0x5 0x0 0x0 0x0 0x0 0x0 0x0 0x0
2025-07-25 15:27:01,Speed,6,0x102,0x6 0x0 0x0 0x0 0x0 0x0 0x0 0x0
2025-07-25 15:27:02,Temperature,96,0x103,0x60 0x0 0x0 0x0 0x0 0x0 0x0 0x0
2025-07-25 15:27:02,Temperature,96,0x103,0x60 0x0 0x0 0x0 0x0 0x0 0x0 0x0
2025-07-25 15:27:03,Fuel,94,0x104,0x5e 0x0 0x0 0x0 0x0 0x0 0x0 0x0
2025-07-25 15:27:03,Temperature,96,0x103,0x60 0x0 0x0 0x0 0x0 0x0 0x0 0x0
2025-07-25 15:27:04,Temperature,95,0x103,0x5f 0x0 0x0 0x0 0x0 0x0 0x0 0x0
2025-07-25 15:27:04,RPM,807,0x101,0x3 0x27 0x0 0x0 0x0 0x0 0x0 0x0
2025-07-25 15:27:05,RPM,838,0x101,0x3 0x46 0x0 0x0 0x0 0x0 0x0 0x0
2025-07-25 15:27:05,Temperature,96,0x103,0x60 0x0 0x0 0x0 0x0 0x0 0x0 0x0
2025-07-25 15:27:06,Temperature,95,0x103,0x5f 0x0 0x0 0x0 0x0 0x0 0x0 0x0
2025-07-25 15:27:06,Fuel,94,0x104,0x5e 0x0 0x0 0x0 0x0 0x0 0x0 0x0
2025-07-25 15:27:07,RPM,781,0x101,0x3 0xd 0x0 0x0 0x0 0x0 0x0 0x0
2025-07-25 15:27:07,RPM,900,0x101,0x3 0x84 0x0 0x0 0x0 0x0 0x0 0x0
2025-07-25 15:27:08,Speed,0,0x102,0x0 0x0 0x0 0x0 0x0 0x0 0x0 0x0
2025-07-25 15:27:08,Speed,0,0x102,0x0 0x0 0x0 0x0 0x0 0x0 0x0 0x0
2025-07-25 15:27:09,Speed,0,0x102,0x0 0x0 0x0 0x0 0x0 0x0 0x0 0x0
2025-07-25 15:27:09,Speed,0,0x102,0x0 0x0 0x0 0x0 0x0 0x0 0x0 0x0
2025-07-25 15:27:10,Fuel,94,0x104,0x5e 0x0 0x0 0x0 0x0 0x0 0x0 0x0
2025-07-25 15:27:10,Speed,2,0x102,0x2 0x0 0x0 0x0 0x0 0x0 0x0 0x0
2025-07-25 15:27:11,RPM,900,0x101,0x3 0x84 0x0 0x0 0x0 0x0 0x0 0x0
2025-07-25 15:27:11,Speed,0,0x102,0x0 0x0 0x0 0x0 0x0 0x0 0x0 0x0
2025-07-25 15:27:12,Temperature,95,0x103,0x5f 0x0 0x0 0x0 0x0 0x0 0x0 0x0
2025-07-25 15:27:12,RPM,823,0x101,0x3 0x37 0x0 0x0 0x0 0x0 0x0 0x0
2025-07-25 15:27:13,RPM,760,0x101,0x2 0xf8 0x0 0x0 0x0 0x0 0x0 0x0
2025-07-25 15:27:13,RPM,900,0x101,0x3 0x84 0x0 0x0 0x0 0x0 0x0 0x0
2025-07-25 15:27:14,Fuel,94,0x104,0x5e 0x0 0x0 0x0 0x0 0x0 0x0 0x0
2025-07-25 15:27:14,RPM,900,0x101,0x3 0x84 0x0 0x0 0x0 0x0 0x0 0x0
2025-07-25 15:27:15,RPM,900,0x101,0x3 0x84 0x0 0x0 0x0 0x0 0x0 0x0
2025-07-25 15:27:15,Fuel,94,0x104,0x5e 0x0 0x0 0x0 0x0 0x0 0x0 0x0
2025-07-25 15:27:16,Fuel,94,0x104,0x5e 0x0 0x0 0x0 0x0 0x0 0x0 0x0
2025-07-25 15:27:17,Temperature,95,0x103,0x5f 0x0 0x0 0x0 0x0 0x0 0x0 0x0
2025-07-25 15:27:17,Speed,9,0x102,0x9 0x0 0x0 0x0 0x0 0x0 0x0 0x0
2025-07-25 15:27:18,Temperature,95,0x103,0x5f 0x0 0x0 0x0 0x0 0x0 0x0 0x0
2025-07-25 15:27:18,Speed,11,0x102,0xb 0x0 0x0 0x0 0x0 0x0 0x0 0x0
2025-07-25 15:27:19,RPM,900,0x101,0x3 0x84 0x0 0x0 0x0 0x0 0x0 0x0
2025-07-25 15:27:19,Temperature,95,0x103,0x5f 0x0 0x0 0x0 0x0 0x0 0x0 0x0
2025-07-25 15:27:20,Temperature,95,0x103,0x5f 0x0 0x0 0x0 0x0 0x0 0x0 0x0
2025-07-25 15:27:20,Fuel,94,0x104,0x5e 0x0 0x0 0x0 0x0 0x0 0x0 0x0
2025-07-25 15:27:21,Temperature,95,0x103,0x5f 0x0 0x0 0x0 0x0 0x0 0x0 0x0
2025-07-25 15:27:21,RPM,900,0x101,0x3 0x84 0x0 0x0 0x0 0x0 0x0 0x0
2025-07-25 15:27:22,Temperature,95,0x103,0x5f 0x0 0x0 0x0 0x0 0x0 0x0 0x0
2025-07-25 15:27:22,Temperature,96,0x103,0x60 0x0 0x0 0x0 0x0 0x0 0x0 0x0
2025-07-25 15:27:23,Fuel,93,0x104,0x5d 0x0 0x0 0x0 0x0 0x0 0x0 0x0
2025-07-25 15:27:23,Speed,3,0x102,0x3 0x0 0x0 0x0 0x0 0x0 0x0 0x0
2025-07-25 15:27:24,Fuel,93,0x104,0x5d 0x0 0x0 0x0 0x0 0x0 0x0 0x0
2025-07-25 15:27:24,Speed,4,0x102,0x4 0x0 0x0 0x0 0x0 0x0 0x0 0x0
2025-07-25 15:27:25,Fuel,93,0x104,0x5d 0x0 0x0 0x0 0x0 0x0 0x0 0x0
2025-07-25 15:27:25,Temperature,96,0x103,0x60 0x0 0x0 0x0 0x0 0x0 0x0 0x0
2025-07-25 15:27:26,Temperature,96,0x103,0x60 0x0 0x0 0x0 0x0 0x0 0x0 0x0
2025-07-25 15:27:26,Temperature,96,0x103,0x60 0x0 0x0 0x0 0x0 0x0 0x0 0x0
2025-07-25 15:27:27,Speed,4,0x102,0x4 0x0 0x0 0x0 0x0 0x0 0x0 0x0
2025-07-25 15:27:27,Temperature,96,0x103,0x60 0x0 0x0 0x0 0x0 0x0 0x0 0x0
2025-07-25 15:27:28,Fuel,93,0x104,0x5d 0x0 0x0 0x0 0x0 0x0 0x0 0x0
2025-07-25 15:27:28,Temperature,96,0x103,0x60 0x0 0x0 0x0 0x0 0x0 0x0 0x0
2025-07-25 15:27:29,Temperature,96,0x103,0x60 0x0 0x0 0x0 0x0 0x0 0x0 0x0
2025-07-25 15:27:29,Temperature,96,0x103,0x60 0x0 0x0 0x0 0x0 0x0 0x0 0x0
2025-07-25 15:27:30,Temperature,96,0x103,0x60 0x0 0x0 0x0 0x0 0x0 0x0 0x0
2025-07-25 15:27:30,Fuel,93,0x104,0x5d 0x0 0x0 0x0 0x0 0x0 0x0 0x0
2025-07-25 15:27:31,Temperature,96,0x103,0x60 0x0 0x0 0x0 0x0 0x0 0x0 0x0
2025-07-25 15:27:31,RPM,900,0x101,0x3 0x84 0x0 0x0 0x0 0x0 0x0 0x0
2025-07-25 15:27:32,Temperature,96,0x103,0x60 0x0 0x0 0x0 0x0 0x0 0x0 0x0
2025-07-25 15:27:32,Speed,0,0x102,0x0 0x0 0x0 0x0 0x0 0x0 0x0 0x0
2025-07-25 15:27:33,Fuel,93,0x104,0x5d 0x0 0x0 0x0 0x0 0x0 0x0 0x0
2025-07-25 15:27:33,Temperature,96,0x103,0x60 0x0 0x0 0x0 0x0 0x0 0x0 0x0
2025-07-25 15:27:34,Temperature,96,0x103,0x60 0x0 0x0 0x0 0x0 0x0 0x0 0x0
2025-07-25 15:27:34,Temperature,96,0x103,0x60 0x0 0x0 0x0 0x0 0x0 0x0 0x0
2025-07-25 15:27:35,RPM,900,0x101,0x3 0x84 0x0 0x0 0x0 0x0 0x0 0x0
2025-07-25 15:27:35,Speed,5,0x102,0x5 0x0 0x0 0x0 0x0 0x0 0x0 0x0
2025-07-25 15:27:36,Fuel,93,0x104,0x5d 0x0 0x0 0x0 0x0 0x0 0x0 0x0
2025-07-25 15:27:36,Temperature,96,0x103,0x60 0x0 0x0 0x0 0x0 0x0 0x0 0x0
2025-07-25 15:27:37,Temperature,96,0x103,0x60 0x0 0x0 0x0 0x0 0x0 0x0 0x0
2025-07-25 15:27:37,Speed,0,0x102,0x0 0x0 0x0 0x0 0x0 0x0 0x0 0x0
2025-07-25 15:27:38,RPM,817,0x101,0x3 0x31 0x0 0x0 0x0 0x0 0x0 0x0
2025-07-25 15:27:38,RPM,819,0x101,0x3 0x33 0x0 0x0 0x0 0x0 0x0 0x0
2025-07-25 15:27:39,Temperature,97,0x103,0x61 0x0 0x0 0x0 0x0 0x0 0x0 0x0
2025-07-25 15:27:39,Temperature,96,0x103,0x60 0x0 0x0 0x0 0x0 0x0 0x0 0x0
2025-07-25 15:27:40,Speed,6,0x102,0x6 0x0 0x0 0x0 0x0 0x0 0x0 0x0
2025-07-25 15:27:40,Fuel,93,0x104,0x5d 0x0 0x0 0x0 0x0 0x0 0x0 0x0
2025-07-25 15:27:41,Temperature,96,0x103,0x60 0x0 0x0 0x0 0x0 0x0 0x0 0x0
2025-07-25 15:27:42,Fuel,93,0x104,0x5d 0x0 0x0 0x0 0x0 0x0 0x0 0x0
2025-07-25 15:27:42,Speed,14,0x102,0xe 0x0 0x0 0x0 0x0 0x0 0x0 0x0
2025-07-25 15:27:43,Temperature,97,0x103,0x61 0x0 0x0 0x0 0x0 0x0 0x0 0x0
2025-07-25 15:27:43,RPM,900,0x101,0x3 0x84 0x0 0x0 0x0 0x0 0x0 0x0
2025-07-25 15:27:44,RPM,900,0x101,0x3 0x84 0x0 0x0 0x0 0x0 0x0 0x0
2025-07-25 15:27:44,Fuel,93,0x104,0x5d 0x0 0x0 0x0 0x0 0x0 0x0 0x0
2025-07-25 15:27:45,RPM,900,0x101,0x3 0x84 0x0 0x0 0x0 0x0 0x0 0x0
2025-07-25 15:27:45,Speed,15,0x102,0xf 0x0 0x0 0x0 0x0 0x0 0x0 0x0
2025-07-25 15:27:46,Temperature,96,0x103,0x60 0x0 0x0 0x0 0x0 0x0 0x0 0x0
2025-07-25 15:27:46,RPM,900,0x101,0x3 0x84 0x0 0x0 0x0 0x0 0x0 0x0
2025-07-25 15:27:47,Fuel,93,0x104,0x5d 0x0 0x0 0x0 0x0 0x0 0x0 0x0
2025-07-25 15:27:47,Speed,14,0x102,0xe 0x0 0x0 0x0 0x0 0x0 0x0 0x0
2025-07-25 15:27:48,Fuel,92,0x104,0x5c 0x0 0x0 0x0 0x0 0x0 0x0 0x0
2025-07-25 15:27:48,Speed,10,0x102,0xa 0x0 0x0 0x0 0x0 0x0 0x0 0x0
2025-07-25 15:27:49,Speed,7,0x102,0x7 0x0 0x0 0x0 0x0 0x0 0x0 0x0
2025-07-25 15:27:49,Fuel,92,0x104,0x5c 0x0 0x0 0x0 0x0 0x0 0x0 0x0
2025-07-25 15:27:50,Speed,3,0x102,0x3 0x0 0x0 0x0 0x0 0x0 0x0 0x0
2025-07-25 15:27:50,Fuel,92,0x104,0x5c 0x0 0x0 0x0 0x0 0x0 0x0 0x0
2025-07-25 15:27:51,Temperature,96,0x103,0x60 0x0 0x0 0x0 0x0 0x0 0x0 0x0
2025-07-25 15:27:51,Temperature,96,0x103,0x60 0x0 0x0 0x0 0x0 0x0 0x0 0x0
2025-07-25 15:27:52,Fuel,92,0x104,0x5c 0x0 0x0 0x0 0x0 0x0 0x0 0x0
2025-07-25 15:27:52,Fuel,92,0x104,0x5c 0x0 0x0 0x0 0x0 0x0 0x0 0x0
2025-07-25 15:27:53,Fuel,92,0x104,0x5c 0x0 0x0 0x0 0x0 0x0 0x0 0x0
2025-07-25 15:27:53,RPM,811,0x101,0x3 0x2b 0x0 0x0 0x0 0x0 0x0 0x0
2025-07-25 15:27:54,RPM,763,0x101,0x2 0xfb 0x0 0x0 0x0 0x0 0x0 0x0
2025-07-25 15:27:54,RPM,822,0x101,0x3 0x36 0x0 0x0 0x0 0x0 0x0 0x0
2025-07-25 15:27:55,Fuel,92,0x104,0x5c 0x0 0x0 0x0 0x0 0x0 0x0 0x0
2025-07-25 15:27:55,Fuel,92,0x104,0x5c 0x0 0x0 0x0 0x0 0x0 0x0 0x0
2025-07-25 15:27:56,Fuel,92,0x104,0x5c 0x0 0x0 0x0 0x0 0x0 0x0 0x0
2025-07-25 15:27:56,Speed,2,0x102,0x2 0x0 0x0 0x0 0x0 0x0 0x0 0x0
2025-07-25 15:27:57,Fuel,92,0x104,0x5c 0x0 0x0 0x0 0x0 0x0 0x0 0x0
2025-07-25 15:27:57,RPM,900,0x101,0x3 0x84 0x0 0x0 0x0 0x0 0x0 0x0
2025-07-25 15:27:58,RPM,900,0x101,0x3 0x84 0x0 0x0 0x0 0x0 0x0 0x0
2025-07-25 15:27:58,Fuel,92,0x104,0x5c 0x0 0x0 0x0 0x0 0x0 0x0 0x0
2025-07-25 15:27:59,Temperature,95,0x103,0x5f 0x0 0x0 0x0 0x0 0x0 0x0 0x0
2025-07-25 15:27:59,Fuel,92,0x104,0x5c 0x0 0x0 0x0 0x0 0x0 0x0 0x0
2025-07-25 15:28:00,RPM,900,0x101,0x3 0x84 0x0 0x0 0x0 0x0 0x0 0x0
2025-07-25 15:28:00,Temperature,95,0x103,0x5f 0x0 0x0 0x0 0x0 0x0 0x0 0x0
2025-07-25 15:28:01,RPM,900,0x101,0x3 0x84 0x0 0x0 0x0 0x0 0x0 0x0
2025-07-25 15:28:01,Temperature,95,0x103,0x5f 0x0 0x0 0x0 0x0 0x0 0x0 0x0
2025-07-25 15:28:02,Fuel,92,0x104,0x5c 0x0 0x0 0x0 0x0 0x0 0x0 0x0
2025-07-25 15:28:02,RPM,900,0x101,0x3 0x84 0x0 0x0 0x0 0x0 0x0 0x0
2025-07-25 15:28:03,Speed,10,0x102,0xa 0x0 0x0 0x0 0x0 0x0 0x0 0x0
2025-07-25 15:28:03,RPM,900,0x101,0x3 0x84 0x0 0x0 0x0 0x0 0x0 0x0
2025-07-25 15:28:04,Temperature,96,0x103,0x60 0x0 0x0 0x0 0x0 0x0 0x0 0x0
2025-07-25 15:28:04,Temperature,96,0x103,0x60 0x0 0x0 0x0 0x0 0x0 0x0 0x0
2025-07-25 15:28:05,Temperature,96,0x103,0x60 0x0 0x0 0x0 0x0 0x0 0x0 0x0
2025-07-25 15:28:05,Fuel,92,0x104,0x5c 0x0 0x0 0x0 0x0 0x0 0x0 0x0
2025-07-25 15:28:06,Fuel,91,0x104,0x5b 0x0 0x0 0x0 0x0 0x0 0x0 0x0
2025-07-25 15:28:06,RPM,900,0x101,0x3 0x84 0x0 0x0 0x0 0x0 0x0 0x0
2025-07-25 15:28:07,Fuel,91,0x104,0x5b 0x0 0x0 0x0 0x0 0x0 0x0 0x0
2025-07-25 15:28:07,RPM,900,0x101,0x3 0x84 0x0 0x0 0x0 0x0 0x0 0x0
2025-07-25 15:28:08,Fuel,91,0x104,0x5b 0x0 0x0 0x0 0x0 0x0 0x0 0x0
2025-07-25 15:28:08,RPM,900,0x101,0x3 0x84 0x0 0x0 0x0 0x0 0x0 0x0
2025-07-25 15:28:09,Temperature,95,0x103,0x5f 0x0 0x0 0x0 0x0 0x0 0x0 0x0
2025-07-25 15:28:09,RPM,900,0x101,0x3 0x84 0x0 0x0 0x0 0x0 0x0 0x0
2025-07-25 15:28:10,Fuel,91,0x104,0x5b 0x0 0x0 0x0 0x0 0x0 0x0 0x0
2025-07-25 15:28:10,Speed,7,0x102,0x7 0x0 0x0 0x0 0x0 0x0 0x0 0x0
2025-07-25 15:28:11,Speed,4,0x102,0x4 0x0 0x0 0x0 0x0 0x0 0x0 0x0
2025-07-25 15:28:11,Speed,1,0x102,0x1 0x0 0x0 0x0 0x0 0x0 0x0 0x0
2025-07-25 15:28:12,Fuel,91,0x104,0x5b 0x0 0x0 0x0 0x0 0x0 0x0 0x0
2025-07-25 15:28:12,Speed,0,0x102,0x0 0x0 0x0 0x0 0x0 0x0 0x0 0x0
2025-07-25 15:28:13,Fuel,91,0x104,0x5b 0x0 0x0 0x0 0x0 0x0 0x0 0x0
2025-07-25 15:28:13,Speed,0,0x102,0x0 0x0 0x0 0x0 0x0 0x0 0x0 0x0
2025-07-25 15:28:14,RPM,900,0x101,0x3 0x84 0x0 0x0 0x0 0x0 0x0 0x0
2025-07-25 15:28:15,RPM,900,0x101,0x3 0x84 0x0 0x0 0x0 0x0 0x0 0x0
2025-07-25 15:28:15,Temperature,96,0x103,0x60 0x0 0x0 0x0 0x0 0x0 0x0 0x0
2025-07-25 15:28:16,Fuel,91,0x104,0x5b 0x0 0x0 0x0 0x0 0x0 0x0 0x0
2025-07-25 15:28:16,RPM,900,0x101,0x3 0x84 0x0 0x0 0x0 0x0 0x0 0x0
2025-07-25 15:28:17,Temperature,96,0x103,0x60 0x0 0x0 0x0 0x0 0x0 0x0 0x0
2025-07-25 15:28:17,Fuel,91,0x104,0x5b 0x0 0x0 0x0 0x0 0x0 0x0 0x0
2025-07-25 15:28:18,Speed,18,0x102,0x12 0x0 0x0 0x0 0x0 0x0 0x0 0x0
2025-07-25 15:28:18,Speed,16,0x102,0x10 0x0 0x0 0x0 0x0 0x0 0x0 0x0
2025-07-25 15:28:19,Temperature,95,0x103,0x5f 0x0 0x0 0x0 0x0 0x0 0x0 0x0
2025-07-25 15:28:19,Speed,12,0x102,0xc 0x0 0x0 0x0 0x0 0x0 0x0 0x0
2025-07-25 15:28:20,Fuel,91,0x104,0x5b 0x0 0x0 0x0 0x0 0x0 0x0 0x0
2025-07-25 15:28:20,Speed,9,0x102,0x9 0x0 0x0 0x0 0x0 0x0 0x0 0x0
2025-07-25 15:28:21,Temperature,95,0x103,0x5f 0x0 0x0 0x0 0x0 0x0 0x0 0x0
2025-07-25 15:28:21,Temperature,95,0x103,0x5f 0x0 0x0 0x0 0x0 0x0 0x0 0x0
2025-07-25 15:28:22,Speed,13,0x102,0xd 0x0 0x0 0x0 0x0 0x0 0x0 0x0
2025-07-25 15:28:22,RPM,900,0x101,0x3 0x84 0x0 0x0 0x0 0x0 0x0 0x0
2025-07-25 15:28:23,Speed,11,0x102,0xb 0x0 0x0 0x0 0x0 0x0 0x0 0x0
2025-07-25 15:28:23,Speed,13,0x102,0xd 0x0 0x0 0x0 0x0 0x0 0x0 0x0
2025-07-25 15:28:24,Speed,12,0x102,0xc 0x0 0x0 0x0 0x0 0x0 0x0 0x0
2025-07-25 15:28:24,Temperature,95,0x103,0x5f 0x0 0x0 0x0 0x0 0x0 0x0 0x0
2025-07-25 15:28:25,Speed,10,0x102,0xa 0x0 0x0 0x0 0x0 0x0 0x0 0x0
2025-07-25 15:28:25,Fuel,91,0x104,0x5b 0x0 0x0 0x0 0x0 0x0 0x0 0x0
2025-07-25 15:28:26,Speed,11,0x102,0xb 0x0 0x0 0x0 0x0 0x0 0x0 0x0
2025-07-25 15:28:26,Fuel,90,0x104,0x5a 0x0 0x0 0x0 0x0 0x0 0x0 0x0
2025-07-25 15:28:27,Fuel,90,0x104,0x5a 0x0 0x0 0x0 0x0 0x0 0x0 0x0
2025-07-25 15:28:27,RPM,900,0x101,0x3 0x84 0x0 0x0 0x0 0x0 0x0 0x0
2025-07-25 15:28:28,RPM,900,0x101,0x3 0x84 0x0 0x0 0x0 0x0 0x0 0x0
2025-07-25 15:28:28,Fuel,90,0x104,0x5a 0x0 0x0 0x0 0x0 0x0 0x0 0x0
2025-07-25 15:28:29,RPM,844,0x101,0x3 0x4c 0x0 0x0 0x0 0x0 0x0 0x0
2025-07-25 15:28:29,RPM,845,0x101,0x3 0x4d 0x0 0x0 0x0 0x0 0x0 0x0
2025-07-25 15:28:30,RPM,806,0x101,0x3 0x26 0x0 0x0 0x0 0x0 0x0 0x0
2025-07-25 15:28:30,Fuel,90,0x104,0x5a 0x0 0x0 0x0 0x0 0x0 0x0 0x0
2025-07-25 15:28:31,Fuel,90,0x104,0x5a 0x0 0x0 0x0 0x0 0x0 0x0 0x0
2025-07-25 15:28:31,Speed,0,0x102,0x0 0x0 0x0 0x0 0x0 0x0 0x0 0x0
2025-07-25 15:28:32,RPM,781,0x101,0x3 0xd 0x0 0x0 0x0 0x0 0x0 0x0
2025-07-25 15:28:32,RPM,816,0x101,0x3 0x30 0x0 0x0 0x0 0x0 0x0 0x0
2025-07-25 15:28:33,Speed,0,0x102,0x0 0x0 0x0 0x0 0x0 0x0 0x0 0x0
2025-07-25 15:28:33,RPM,835,0x101,0x3 0x43 0x0 0x0 0x0 0x0 0x0 0x0
2025-07-25 15:28:34,Fuel,90,0x104,0x5a 0x0 0x0 0x0 0x0 0x0 0x0 0x0
2025-07-25 15:28:34,Fuel,90,0x104,0x5a 0x0 0x0 0x0 0x0 0x0 0x0 0x0
2025-07-25 15:28:35,Fuel,90,0x104,0x5a 0x0 0x0 0x0 0x0 0x0 0x0 0x0
2025-07-25 15:28:35,Temperature,95,0x103,0x5f 0x0 0x0 0x0 0x0 0x0 0x0 0x0
2025-07-25 15:28:36,Fuel,90,0x104,0x5a 0x0 0x0 0x0 0x0 0x0 0x0 0x0
2025-07-25 15:28:36,RPM,900,0x101,0x3 0x84 0x0 0x0 0x0 0x0 0x0 0x0
2025-07-25 15:28:37,Speed,0,0x102,0x0 0x0 0x0 0x0 0x0 0x0 0x0 0x0
2025-07-25 15:28:37,Fuel,90,0x104,0x5a 0x0 0x0 0x0 0x0 0x0 0x0 0x0
2025-07-25 15:28:38,RPM,840,0x101,0x3 0x48 0x0 0x0 0x0 0x0 0x0 0x0
2025-07-25 15:28:38,RPM,795,0x101,0x3 0x1b 0x0 0x0 0x0 0x0 0x0 0x0
2025-07-25 15:28:39,Fuel,90,0x104,0x5a 0x0 0x0 0x0 0x0 0x0 0x0 0x0
2025-07-25 15:28:39,Temperature,96,0x103,0x60 0x0 0x0 0x0 0x0 0x0 0x0 0x0
2025-07-25 15:28:40,RPM,765,0x101,0x2 0xfd 0x0 0x0 0x0 0x0 0x0 0x0
2025-07-25 15:28:40,RPM,755,0x101,0x2 0xf3 0x0 0x0 0x0 0x0 0x0 0x0
2025-07-25 15:28:41,Temperature,96,0x103,0x60 0x0 0x0 0x0 0x0 0x0 0x0 0x0
2025-07-25 15:28:41,Fuel,90,0x104,0x5a 0x0 0x0 0x0 0x0 0x0 0x0 0x0
2025-07-25 15:28:42,Temperature,95,0x103,0x5f 0x0 0x0 0x0 0x0 0x0 0x0 0x0
2025-07-25 15:28:42,RPM,816,0x101,0x3 0x30 0x0 0x0 0x0 0x0 0x0 0x0
2025-07-25 15:28:43,Temperature,95,0x103,0x5f 0x0 0x0 0x0 0x0 0x0 0x0 0x0
2025-07-25 15:28:43,RPM,900,0x101,0x3 0x84 0x0 0x0 0x0 0x0 0x0 0x0
2025-07-25 15:28:44,Speed,1,0x102,0x1 0x0 0x0 0x0 0x0 0x0 0x0 0x0
2025-07-25 15:28:44,RPM,900,0x101,0x3 0x84 0x0 0x0 0x0 0x0 0x0 0x0
2025-07-25 15:28:45,Speed,5,0x102,0x5 0x0 0x0 0x0 0x0 0x0 0x0 0x0
2025-07-25 15:28:45,Fuel,90,0x104,0x5a 0x0 0x0 0x0 0x0 0x0 0x0 0x0
2025-07-25 15:28:46,Temperature,95,0x103,0x5f 0x0 0x0 0x0 0x0 0x0 0x0 0x0
2025-07-25 15:28:46,Temperature,95,0x103,0x5f 0x0 0x0 0x0 0x0 0x0 0x0 0x0
2025-07-25 15:28:47,Temperature,95,0x103,0x5f 0x0 0x0 0x0 0x0 0x0 0x0 0x0
2025-07-25 15:28:47,RPM,900,0x101,0x3 0x84 0x0 0x0 0x0 0x0 0x0 0x0
2025-07-25 15:28:48,Temperature,95,0x103,0x5f 0x0 0x0 0x0 0x0 0x0 0x0 0x0
2025-07-25 15:28:49,Speed,0,0x102,0x0 0x0 0x0 0x0 0x0 0x0 0x0 0x0
2025-07-25 15:28:49,RPM,900,0x101,0x3 0x84 0x0 0x0 0x0 0x0 0x0 0x0
2025-07-25 15:28:50,Temperature,95,0x103,0x5f 0x0 0x0 0x0 0x0 0x0 0x0 0x0
2025-07-25 15:28:50,RPM,900,0x101,0x3 0x84 0x0 0x0 0x0 0x0 0x0 0x0
2025-07-25 15:28:51,Speed,3,0x102,0x3 0x0 0x0 0x0 0x0 0x0 0x0 0x0
2025-07-25 15:28:51,Temperature,96,0x103,0x60 0x0 0x0 0x0 0x0 0x0 0x0 0x0
2025-07-25 15:28:52,Speed,0,0x102,0x0 0x0 0x0 0x0 0x0 0x0 0x0 0x0
2025-07-25 15:28:52,Temperature,95,0x103,0x5f 0x0 0x0 0x0 0x0 0x0 0x0 0x0
2025-07-25 15:28:53,Temperature,95,0x103,0x5f 0x0 0x0 0x0 0x0 0x0 0x0 0x0
2025-07-25 15:28:53,RPM,799,0x101,0x3 0x1f 0x0 0x0 0x0 0x0 0x0 0x0
2025-07-25 15:28:54,Fuel,90,0x104,0x5a 0x0 0x0 0x0 0x0 0x0 0x0 0x0
2025-07-25 15:28:54,RPM,771,0x101,0x3 0x3 0x0 0x0 0x0 0x0 0x0 0x0
2025-07-25 15:28:55,RPM,827,0x101,0x3 0x3b 0x0 0x0 0x0 0x0 0x0 0x0
2025-07-25 15:28:55,Fuel,90,0x104,0x5a 0x0 0x0 0x0 0x0 0x0 0x0 0x0
2025-07-25 15:28:56,Temperature,95,0x103,0x5f 0x0 0x0 0x0 0x0 0x0 0x0 0x0
2025-07-25 15:28:56,Temperature,95,0x103,0x5f 0x0 0x0 0x0 0x0 0x0 0x0 0x0
2025-07-25 15:28:57,Temperature,95,0x103,0x5f 0x0 0x0 0x0 0x0 0x0 0x0 0x0
2025-07-25 15:28:57,Speed,0,0x102,0x0 0x0 0x0 0x0 0x0 0x0 0x0 0x0
2025-07-25 15:28:58,Fuel,90,0x104,0x5a 0x0 0x0 0x0 0x0 0x0 0x0 0x0
2025-07-25 15:28:58,Temperature,96,0x103,0x60 0x0 0x0 0x0 0x0 0x0 0x0 0x0
2025-07-25 15:28:59,RPM,827,0x101,0x3 0x3b 0x0 0x0 0x0 0x0 0x0 0x0
2025-07-25 15:28:59,Speed,0,0x102,0x0 0x0 0x0 0x0 0x0 0x0 0x0 0x0
2025-07-25 15:29:00,Temperature,96,0x103,0x60 0x0 0x0 0x0 0x0 0x0 0x0 0x0
2025-07-25 15:29:00,RPM,783,0x101,0x3 0xf 0x0 0x0 0x0 0x0 0x0 0x0
2025-07-25 15:29:01,Fuel,89,0x104,0x59 0x0 0x0 0x0 0x0 0x0 0x0 0x0
2025-07-25 15:29:01,Speed,2,0x102,0x2 0x0 0x0 0x0 0x0 0x0 0x0 0x0
2025-07-25 15:29:02,Fuel,89,0x104,0x59 0x0 0x0 0x0 0x0 0x0 0x0 0x0
2025-07-25 15:29:02,RPM,900,0x101,0x3 0x84 0x0 0x0 0x0 0x0 0x0 0x0
2025-07-25 15:29:03,Temperature,96,0x103,0x60 0x0 0x0 0x0 0x0 0x0 0x0 0x0
2025-07-25 15:29:03,Fuel,89,0x104,0x59 0x0 0x0 0x0 0x0 0x0 0x0 0x0
2025-07-25 15:29:04,Speed,0,0x102,0x0 0x0 0x0 0x0 0x0 0x0 0x0 0x0
2025-07-25 15:29:04,Temperature,96,0x103,0x60 0x0 0x0 0x0 0x0 0x0 0x0 0x0
2025-07-25 15:29:05,Speed,1,0x102,0x1 0x0 0x0 0x0 0x0 0x0 0x0 0x0
2025-07-25 15:29:05,Temperature,96,0x103,0x60 0x0 0x0 0x0 0x0 0x0 0x0 0x0
2025-07-25 15:29:06,Fuel,89,0x104,0x59 0x0 0x0 0x0 0x0 0x0 0x0 0x0
2025-07-25 15:29:06,RPM,900,0x101,0x3 0x84 0x0 0x0 0x0 0x0 0x0 0x0
2025-07-25 15:29:07,Speed,3,0x102,0x3 0x0 0x0 0x0 0x0 0x0 0x0 0x0
2025-07-25 15:29:07,Fuel,89,0x104,0x59 0x0 0x0 0x0 0x0 0x0 0x0 0x0
2025-07-25 15:29:08,Temperature,96,0x103,0x60 0x0 0x0 0x0 0x0 0x0 0x0 0x0
2025-07-25 15:29:08,RPM,900,0x101,0x3 0x84 0x0 0x0 0x0 0x0 0x0 0x0
2025-07-25 15:29:09,Speed,0,0x102,0x0 0x0 0x0 0x0 0x0 0x0 0x0 0x0
2025-07-25 15:29:09,Speed,0,0x102,0x0 0x0 0x0 0x0 0x0 0x0 0x0 0x0
2025-07-25 15:29:10,RPM,750,0x101,0x2 0xee 0x0 0x0 0x0 0x0 0x0 0x0
2025-07-25 15:29:10,Speed,0,0x102,0x0 0x0 0x0 0x0 0x0 0x0 0x0 0x0
2025-07-25 15:29:11,Fuel,89,0x104,0x59 0x0 0x0 0x0 0x0 0x0 0x0 0x0
2025-07-25 15:29:11,Speed,0,0x102,0x0 0x0 0x0 0x0 0x0 0x0 0x0 0x0
2025-07-25 15:29:12,RPM,825,0x101,0x3 0x39 0x0 0x0 0x0 0x0 0x0 0x0
2025-07-25 15:29:12,RPM,768,0x101,0x3 0x0 0x0 0x0 0x0 0x0 0x0 0x0
2025-07-25 15:29:13,RPM,805,0x101,0x3 0x25 0x0 0x0 0x0 0x0 0x0 0x0
2025-07-25 15:29:13,Temperature,96,0x103,0x60 0x0 0x0 0x0 0x0 0x0 0x0 0x0
2025-07-25 15:29:14,Temperature,96,0x103,0x60 0x0 0x0 0x0 0x0 0x0 0x0 0x0
2025-07-25 15:29:14,Temperature,96,0x103,0x60 0x0 0x0 0x0 0x0 0x0 0x0 0x0
2025-07-25 15:29:15,Fuel,89,0x104,0x59 0x0 0x0 0x0 0x0 0x0 0x0 0x0
2025-07-25 15:29:15,Fuel,89,0x104,0x59 0x0 0x0 0x0 0x0 0x0 0x0 0x0
2025-07-25 15:29:16,RPM,832,0x101,0x3 0x40 0x0 0x0 0x0 0x0 0x0 0x0
2025-07-25 15:29:16,Fuel,89,0x104,0x59 0x0 0x0 0x0 0x0 0x0 0x0 0x0
2025-07-25 15:29:17,Speed,0,0x102,0x0 0x0 0x0 0x0 0x0 0x0 0x0 0x0
2025-07-25 15:29:17,RPM,821,0x101,0x3 0x35 0x0 0x0 0x0 0x0 0x0 0x0
2025-07-25 15:29:18,Temperature,96,0x103,0x60 0x0 0x0 0x0 0x0 0x0 0x0 0x0
2025-07-25 15:29:19,RPM,848,0x101,0x3 0x50 0x0 0x0 0x0 0x0 0x0 0x0
2025-07-25 15:29:19,Temperature,96,0x103,0x60 0x0 0x0 0x0 0x0 0x0 0x0 0x0
2025-07-25 15:29:20,Fuel,89,0x104,0x59 0x0 0x0 0x0 0x0 0x0 0x0 0x0
2025-07-25 15:29:20,RPM,900,0x101,0x3 0x84 0x0 0x0 0x0 0x0 0x0 0x0
2025-07-25 15:29:21,Fuel,89,0x104,0x59 0x0 0x0 0x0 0x0 0x0 0x0 0x0
2025-07-25 15:29:21,Temperature,96,0x103,0x60 0x0 0x0 0x0 0x0 0x0 0x0 0x0
2025-07-25 15:29:22,Fuel,89,0x104,0x59 0x0 0x0 0x0 0x0 0x0 0x0 0x0
2025-07-25 15:29:22,RPM,900,0x101,0x3 0x84 0x0 0x0 0x0 0x0 0x0 0x0
2025-07-25 15:29:23,RPM,900,0x101,0x3 0x84 0x0 0x0 0x0 0x0 0x0 0x0
2025-07-25 15:29:23,Fuel,89,0x104,0x59 0x0 0x0 0x0 0x0 0x0 0x0 0x0
2025-07-25 15:29:24,Temperature,96,0x103,0x60 0x0 0x0 0x0 0x0 0x0 0x0 0x0
2025-07-25 15:29:24,Speed,6,0x102,0x6 0x0 0x0 0x0 0x0 0x0 0x0 0x0
2025-07-25 15:29:25,RPM,900,0x101,0x3 0x84 0x0 0x0 0x0 0x0 0x0 0x0
2025-07-25 15:29:25,Speed,2,0x102,0x2 0x0 0x0 0x0 0x0 0x0 0x0 0x0
2025-07-25 15:29:26,Speed,5,0x102,0x5 0x0 0x0 0x0 0x0 0x0 0x0 0x0
2025-07-25 15:29:26,Temperature,96,0x103,0x60 0x0 0x0 0x0 0x0 0x0 0x0 0x0
2025-07-25 15:29:27,Fuel,89,0x104,0x59 0x0 0x0 0x0 0x0 0x0 0x0 0x0
2025-07-25 15:29:27,RPM,900,0x101,0x3 0x84 0x0 0x0 0x0 0x0 0x0 0x0
2025-07-25 15:29:28,Fuel,89,0x104,0x59 0x0 0x0 0x0 0x0 0x0 0x0 0x0
2025-07-25 15:29:28,Fuel,89,0x104,0x59 0x0 0x0 0x0 0x0 0x0 0x0 0x0
2025-07-25 15:29:29,Fuel,89,0x104,0x59 0x0 0x0 0x0 0x0 0x0 0x0 0x0
2025-07-25 15:29:29,RPM,900,0x101,0x3 0x84 0x0 0x0 0x0 0x0 0x0 0x0
2025-07-25 15:29:30,Fuel,89,0x104,0x59 0x0 0x0 0x0 0x0 0x0 0x0 0x0
2025-07-25 15:29:30,RPM,900,0x101,0x3 0x84 0x0 0x0 0x0 0x0 0x0 0x0
2025-07-25 15:29:31,Speed,2,0x102,0x2 0x0 0x0 0x0 0x0 0x0 0x0 0x0
2025-07-25 15:29:31,Speed,1,0x102,0x1 0x0 0x0 0x0 0x0 0x0 0x0 0x0
2025-07-25 15:29:32,Speed,0,0x102,0x0 0x0 0x0 0x0 0x0 0x0 0x0 0x0
2025-07-25 15:29:32,RPM,793,0x101,0x3 0x19 0x0 0x0 0x0 0x0 0x0 0x0
2025-07-25 15:29:33,Speed,0,0x102,0x0 0x0 0x0 0x0 0x0 0x0 0x0 0x0
2025-07-25 15:29:33,RPM,785,0x101,0x3 0x11 0x0 0x0 0x0 0x0 0x0 0x0
2025-07-25 15:29:34,Speed,0,0x102,0x0 0x0 0x0 0x0 0x0 0x0 0x0 0x0
2025-07-25 15:29:34,Speed,0,0x102,0x0 0x0 0x0 0x0 0x0 0x0 0x0 0x0
2025-07-25 15:29:35,Temperature,96,0x103,0x60 0x0 0x0 0x0 0x0 0x0 0x0 0x0
2025-07-25 15:29:35,Fuel,89,0x104,0x59 0x0 0x0 0x0 0x0 0x0 0x0 0x0
2025-07-25 15:29:36,Speed,0,0x102,0x0 0x0 0x0 0x0 0x0 0x0 0x0 0x0
2025-07-25 15:29:36,Speed,0,0x102,0x0 0x0 0x0 0x0 0x0 0x0 0x0 0x0
2025-07-25 15:29:37,Temperature,96,0x103,0x60 0x0 0x0 0x0 0x0 0x0 0x0 0x0
2025-07-25 15:29:37,Speed,0,0x102,0x0 0x0 0x0 0x0 0x0 0x0 0x0 0x0
2025-07-25 15:29:38,RPM,779,0x101,0x3 0xb 0x0 0x0 0x0 0x0 0x0 0x0
2025-07-25 15:29:38,RPM,801,0x101,0x3 0x21 0x0 0x0 0x0 0x0 0x0 0x0
2025-07-25 15:29:39,RPM,900,0x101,0x3 0x84 0x0 0x0 0x0 0x0 0x0 0x0
2025-07-25 15:29:39,Fuel,88,0x104,0x58 0x0 0x0 0x0 0x0 0x0 0x0 0x0
2025-07-25 15:29:40,Fuel,88,0x104,0x58 0x0 0x0 0x0 0x0 0x0 0x0 0x0
2025-07-25 15:29:40,Fuel,88,0x104,0x58 0x0 0x0 0x0 0x0 0x0 0x0 0x0
2025-07-25 15:29:41,RPM,900,0x101,0x3 0x84 0x0 0x0 0x0 0x0 0x0 0x0
2025-07-25 15:29:41,Speed,0,0x102,0x0 0x0 0x0 0x0 0x0 0x0 0x0 0x0
2025-07-25 15:29:42,RPM,900,0x101,0x3 0x84 0x0 0x0 0x0 0x0 0x0 0x0
2025-07-25 15:29:42,Fuel,88,0x104,0x58 0x0 0x0 0x0 0x0 0x0 0x0 0x0
2025-07-25 15:29:43,Fuel,88,0x104,0x58 0x0 0x0 0x0 0x0 0x0 0x0 0x0
2025-07-25 15:29:43,Fuel,88,0x104,0x58 0x0 0x0 0x0 0x0 0x0 0x0 0x0
2025-07-25 15:29:44,Fuel,88,0x104,0x58 0x0 0x0 0x0 0x0 0x0 0x0 0x0
2025-07-25 15:29:44,RPM,900,0x101,0x3 0x84 0x0 0x0 0x0 0x0 0x0 0x0
2025-07-25 15:29:45,Temperature,96,0x103,0x60 0x0 0x0 0x0 0x0 0x0 0x0 0x0
2025-07-25 15:29:45,Temperature,96,0x103,0x60 0x0 0x0 0x0 0x0 0x0 0x0 0x0
2025-07-25 15:29:46,Speed,5,0x102,0x5 0x0 0x0 0x0 0x0 0x0 0x0 0x0
2025-07-25 15:29:46,Fuel,88,0x104,0x58 0x0 0x0 0x0 0x0 0x0 0x0 0x0
2025-07-25 15:29:47,Speed,2,0x102,0x2 0x0 0x0 0x0 0x0 0x0 0x0 0x0
2025-07-25 15:29:47,RPM,827,0x101,0x3 0x3b 0x0 0x0 0x0 0x0 0x0 0x0
2025-07-25 15:29:48,Speed,4,0x102,0x4 0x0 0x0 0x0 0x0 0x0 0x0 0x0
2025-07-25 15:29:48,RPM,900,0x101,0x3 0x84 0x0 0x0 0x0 0x0 0x0 0x0
2025-07-25 15:29:49,Speed,10,0x102,0xa 0x0 0x0 0x0 0x0 0x0 0x0 0x0
2025-07-25 15:29:49,Temperature,96,0x103,0x60 0x0 0x0 0x0 0x0 0x0 0x0 0x0
2025-07-25 15:29:50,Fuel,88,0x104,0x58 0x0 0x0 0x0 0x0 0x0 0x0 0x0
2025-07-25 15:29:51,RPM,900,0x101,0x3 0x84 0x0 0x0 0x0 0x0 0x0 0x0
2025-07-25 15:29:51,Fuel,88,0x104,0x58 0x0 0x0 0x0 0x0 0x0 0x0 0x0
2025-07-25 15:29:52,Speed,4,0x102,0x4 0x0 0x0 0x0 0x0 0x0 0x0 0x0
2025-07-25 15:29:52,RPM,900,0x101,0x3 0x84 0x0 0x0 0x0 0x0 0x0 0x0
2025-07-25 15:29:53,RPM,900,0x101,0x3 0x84 0x0 0x0 0x0 0x0 0x0 0x0
2025-07-25 15:29:53,RPM,829,0x101,0x3 0x3d 0x0 0x0 0x0 0x0 0x0 0x0
2025-07-25 15:29:54,RPM,900,0x101,0x3 0x84 0x0 0x0 0x0 0x0 0x0 0x0
2025-07-25 15:29:54,Speed,0,0x102,0x0 0x0 0x0 0x0 0x0 0x0 0x0 0x0
2025-07-25 15:29:55,Temperature,97,0x103,0x61 0x0 0x0 0x0 0x0 0x0 0x0 0x0
2025-07-25 15:29:55,Fuel,88,0x104,0x58 0x0 0x0 0x0 0x0 0x0 0x0 0x0
2025-07-25 15:29:56,Temperature,97,0x103,0x61 0x0 0x0 0x0 0x0 0x0 0x0 0x0
2025-07-25 15:29:56,Speed,7,0x102,0x7 0x0 0x0 0x0 0x0 0x0 0x0 0x0
2025-07-25 15:29:57,Fuel,88,0x104,0x58 0x0 0x0 0x0 0x0 0x0 0x0 0x0
2025-07-25 15:29:57,Temperature,97,0x103,0x61 0x0 0x0 0x0 0x0 0x0 0x0 0x0
2025-07-25 15:29:58,Speed,3,0x102,0x3 0x0 0x0 0x0 0x0 0x0 0x0 0x0
2025-07-25 15:29:58,RPM,900,0x101,0x3 0x84 0x0 0x0 0x0 0x0 0x0 0x0
2025-07-25 15:29:59,RPM,900,0x101,0x3 0x84 0x0 0x0 0x0 0x0 0x0 0x0
2025-07-25 15:29:59,Speed,2,0x102,0x2 0x0 0x0 0x0 0x0 0x0 0x0 0x0
2025-07-25 15:30:00,RPM,900,0x101,0x3 0x84 0x0 0x0 0x0 0x0 0x0 0x0
2025-07-25 15:30:00,Temperature,97,0x103,0x61 0x0 0x0 0x0 0x0 0x0 0x0 0x0
2025-07-25 15:30:01,RPM,900,0x101,0x3 0x84 0x0 0x0 0x0 0x0 0x0 0x0
2025-07-25 15:30:01,Speed,5,0x102,0x5 0x0 0x0 0x0 0x0 0x0 0x0 0x0
2025-07-25 15:30:02,Temperature,97,0x103,0x61 0x0 0x0 0x0 0x0 0x0 0x0 0x0
2025-07-25 15:30:02,Speed,5,0x102,0x5 0x0 0x0 0x0 0x0 0x0 0x0 0x0
2025-07-25 15:30:03,Speed,8,0x102,0x8 0x0 0x0 0x0 0x0 0x0 0x0 0x0
2025-07-25 15:30:03,Fuel,87,0x104,0x57 0x0 0x0 0x0 0x0 0x0 0x0 0x0
2025-07-25 15:30:04,RPM,900,0x101,0x3 0x84 0x0 0x0 0x0 0x0 0x0 0x0
2025-07-25 15:30:04,Speed,4,0x102,0x4 0x0 0x0 0x0 0x0 0x0 0x0 0x0
2025-07-25 15:30:05,RPM,900,0x101,0x3 0x84 0x0 0x0 0x0 0x0 0x0 0x0
2025-07-25 15:30:05,Speed,2,0x102,0x2 0x0 0x0 0x0 0x0 0x0 0x0 0x0
2025-07-25 15:30:06,Speed,0,0x102,0x0 0x0 0x0 0x0 0x0 0x0 0x0 0x0
2025-07-25 15:30:07,Temperature,97,0x103,0x61 0x0 0x0 0x0 0x0 0x0 0x0 0x0
2025-07-25 15:30:07,Speed,1,0x102,0x1 0x0 0x0 0x0 0x0 0x0 0x0 0x0
2025-07-25 15:30:08,Fuel,87,0x104,0x57 0x0 0x0 0x0 0x0 0x0 0x0 0x0
2025-07-25 15:30:08,Speed,0,0x102,0x0 0x0 0x0 0x0 0x0 0x0 0x0 0x0
2025-07-25 15:30:09,Temperature,96,0x103,0x60 0x0 0x0 0x0 0x0 0x0 0x0 0x0
2025-07-25 15:30:09,Fuel,87,0x104,0x57 0x0 0x0 0x0 0x0 0x0 0x0 0x0
2025-07-25 15:30:10,Temperature,97,0x103,0x61 0x0 0x0 0x0 0x0 0x0 0x0 0x0
2025-07-25 15:30:10,Temperature,97,0x103,0x61 0x0 0x0 0x0 0x0 0x0 0x0 0x0
2025-07-25 15:30:11,RPM,900,0x101,0x3 0x84 0x0 0x0 0x0 0x0 0x0 0x0
2025-07-25 15:30:11,Temperature,97,0x103,0x61 0x0 0x0 0x0 0x0 0x0 0x0 0x0
2025-07-25 15:30:12,Temperature,97,0x103,0x61 0x0 0x0 0x0 0x0 0x0 0x0 0x0
2025-07-25 15:30:12,RPM,821,0x101,0x3 0x35 0x0 0x0 0x0 0x0 0x0 0x0
2025-07-25 15:30:13,Fuel,87,0x104,0x57 0x0 0x0 0x0 0x0 0x0 0x0 0x0
2025-07-25 15:30:13,Temperature,97,0x103,0x61 0x0 0x0 0x0 0x0 0x0 0x0 0x0
2025-07-25 15:30:14,Temperature,97,0x103,0x61 0x0 0x0 0x0 0x0 0x0 0x0 0x0
2025-07-25 15:30:14,Temperature,97,0x103,0x61 0x0 0x0 0x0 0x0 0x0 0x0 0x0
2025-07-25 15:30:15,RPM,900,0x101,0x3 0x84 0x0 0x0 0x0 0x0 0x0 0x0
2025-07-25 15:30:15,Speed,3,0x102,0x3 0x0 0x0 0x0 0x0 0x0 0x0 0x0
2025-07-25 15:30:16,Fuel,87,0x104,0x57 0x0 0x0 0x0 0x0 0x0 0x0 0x0
2025-07-25 15:30:16,Temperature,97,0x103,0x61 0x0 0x0 0x0 0x0 0x0 0x0 0x0
2025-07-25 15:30:17,Temperature,97,0x103,0x61 0x0 0x0 0x0 0x0 0x0 0x0 0x0
2025-07-25 15:30:17,Speed,4,0x102,0x4 0x0 0x0 0x0 0x0 0x0 0x0 0x0
2025-07-25 15:30:18,Speed,5,0x102,0x5 0x0 0x0 0x0 0x0 0x0 0x0 0x0
2025-07-25 15:30:18,Fuel,87,0x104,0x57 0x0 0x0 0x0 0x0 0x0 0x0 0x0
2025-07-25 15:30:19,Temperature,97,0x103,0x61 0x0 0x0 0x0 0x0 0x0 0x0 0x0
2025-07-25 15:30:19,Speed,6,0x102,0x6 0x0 0x0 0x0 0x0 0x0 0x0 0x0
2025-07-25 15:30:20,RPM,900,0x101,0x3 0x84 0x0 0x0 0x0 0x0 0x0 0x0
2025-07-25 15:30:20,RPM,900,0x101,0x3 0x84 0x0 0x0 0x0 0x0 0x0 0x0
2025-07-25 15:30:21,Fuel,87,0x104,0x57 0x0 0x0 0x0 0x0 0x0 0x0 0x0
2025-07-25 15:30:21,Fuel,87,0x104,0x57 0x0 0x0 0x0 0x0 0x0 0x0 0x0
2025-07-25 15:30:22,RPM,826,0x101,0x3 0x3a 0x0 0x0 0x0 0x0 0x0 0x0
2025-07-25 15:30:22,Speed,0,0x102,0x0 0x0 0x0 0x0 0x0 0x0 0x0 0x0
2025-07-25 15:30:23,Fuel,87,0x104,0x57 0x0 0x0 0x0 0x0 0x0 0x0 0x0
2025-07-25 15:30:23,Speed,0,0x102,0x0 0x0 0x0 0x0 0x0 0x0 0x0 0x0
2025-07-25 15:30:24,Speed,4,0x102,0x4 0x0 0x0 0x0 0x0 0x0 0x0 0x0
2025-07-25 15:30:24,RPM,900,0x101,0x3 0x84 0x0 0x0 0x0 0x0 0x0 0x0
2025-07-25 15:30:25,Temperature,97,0x103,0x61 0x0 0x0 0x0 0x0 0x0 0x0 0x0
2025-07-25 15:30:25,Speed,0,0x102,0x0 0x0 0x0 0x0 0x0 0x0 0x0 0x0
2025-07-25 15:30:26,Temperature,97,0x103,0x61 0x0 0x0 0x0 0x0 0x0 0x0 0x0
2025-07-25 15:30:26,RPM,900,0x101,0x3 0x84 0x0 0x0 0x0 0x0 0x0 0x0
2025-07-25 15:30:27,Fuel,87,0x104,0x57 0x0 0x0 0x0 0x0 0x0 0x0 0x0
2025-07-25 15:30:27,Speed,4,0x102,0x4 0x0 0x0 0x0 0x0 0x0 0x0 0x0
2025-07-25 15:30:28,Fuel,86,0x104,0x56 0x0 0x0 0x0 0x0 0x0 0x0 0x0
2025-07-25 15:30:28,Fuel,86,0x104,0x56 0x0 0x0 0x0 0x0 0x0 0x0 0x0
2025-07-25 15:30:29,RPM,900,0x101,0x3 0x84 0x0 0x0 0x0 0x0 0x0 0x0
2025-07-25 15:30:29,Temperature,97,0x103,0x61 0x0 0x0 0x0 0x0 0x0 0x0 0x0
2025-07-25 15:30:30,Speed,8,0x102,0x8 0x0 0x0 0x0 0x0 0x0 0x0 0x0
2025-07-25 15:30:30,RPM,900,0x101,0x3 0x84 0x0 0x0 0x0 0x0 0x0 0x0
2025-07-25 15:30:31,RPM,900,0x101,0x3 0x84 0x0 0x0 0x0 0x0 0x0 0x0
2025-07-25 15:30:31,Temperature,97,0x103,0x61 0x0 0x0 0x0 0x0 0x0 0x0 0x0
2025-07-25 15:30:32,Temperature,97,0x103,0x61 0x0 0x0 0x0 0x0 0x0 0x0 0x0
2025-07-25 15:30:32,Temperature,97,0x103,0x61 0x0 0x0 0x0 0x0 0x0 0x0 0x0
2025-07-25 15:30:33,Fuel,86,0x104,0x56 0x0 0x0 0x0 0x0 0x0 0x0 0x0
2025-07-25 15:30:33,Temperature,97,0x103,0x61 0x0 0x0 0x0 0x0 0x0 0x0 0x0
2025-07-25 15:30:34,Fuel,86,0x104,0x56 0x0 0x0 0x0 0x0 0x0 0x0 0x0
2025-07-25 15:30:34,Fuel,86,0x104,0x56 0x0 0x0 0x0 0x0 0x0 0x0 0x0
2025-07-25 15:30:35,RPM,900,0x101,0x3 0x84 0x0 0x0 0x0 0x0 0x0 0x0
2025-07-25 15:30:36,Speed,9,0x102,0x9 0x0 0x0 0x0 0x0 0x0 0x0 0x0
2025-07-25 15:30:36,RPM,900,0x101,0x3 0x84 0x0 0x0 0x0 0x0 0x0 0x0
2025-07-25 15:30:37,Temperature,97,0x103,0x61 0x0 0x0 0x0 0x0 0x0 0x0 0x0
2025-07-25 15:30:37,Temperature,97,0x103,0x61 0x0 0x0 0x0 0x0 0x0 0x0 0x0
2025-07-25 15:30:38,Temperature,98,0x103,0x62 0x0 0x0 0x0 0x0 0x0 0x0 0x0
2025-07-25 15:30:38,Speed,5,0x102,0x5 0x0 0x0 0x0 0x0 0x0 0x0 0x0
2025-07-25 15:30:39,Temperature,97,0x103,0x61 0x0 0x0 0x0 0x0 0x0 0x0 0x0
2025-07-25 15:30:39,Temperature,97,0x103,0x61 0x0 0x0 0x0 0x0 0x0 0x0 0x0
2025-07-25 15:30:40,Temperature,97,0x103,0x61 0x0 0x0 0x0 0x0 0x0 0x0 0x0
2025-07-25 15:30:40,Temperature,97,0x103,0x61 0x0 0x0 0x0 0x0 0x0 0x0 0x0
2025-07-25 15:30:41,RPM,788,0x101,0x3 0x14 0x0 0x0 0x0 0x0 0x0 0x0
2025-07-25 15:30:41,RPM,849,0x101,0x3 0x51 0x0 0x0 0x0 0x0 0x0 0x0
2025-07-25 15:30:42,Speed,0,0x102,0x0 0x0 0x0 0x0 0x0 0x0 0x0 0x0
2025-07-25 15:30:42,Speed,0,0x102,0x0 0x0 0x0 0x0 0x0 0x0 0x0 0x0
2025-07-25 15:30:43,Fuel,86,0x104,0x56 0x0 0x0 0x0 0x0 0x0 0x0 0x0
2025-07-25 15:30:43,Temperature,97,0x103,0x61 0x0 0x0 0x0 0x0 0x0 0x0 0x0
2025-07-25 15:30:44,Temperature,98,0x103,0x62 0x0 0x0 0x0 0x0 0x0 0x0 0x0
2025-07-25 15:30:44,Fuel,86,0x104,0x56 0x0 0x0 0x0 0x0 0x0 0x0 0x0
2025-07-25 15:30:45,Fuel,86,0x104,0x56 0x0 0x0 0x0 0x0 0x0 0x0 0x0
2025-07-25 15:30:45,Speed,3,0x102,0x3 0x0 0x0 0x0 0x0 0x0 0x0 0x0
2025-07-25 15:30:46,Speed,1,0x102,0x1 0x0 0x0 0x0 0x0 0x0 0x0 0x0
2025-07-25 15:30:46,Temperature,97,0x103,0x61 0x0 0x0 0x0 0x0 0x0 0x0 0x0
2025-07-25 15:30:47,Speed,0,0x102,0x0 0x0 0x0 0x0 0x0 0x0 0x0 0x0
2025-07-25 15:30:47,Speed,0,0x102,0x0 0x0 0x0 0x0 0x0 0x0 0x0 0x0
2025-07-25 15:30:48,Temperature,97,0x103,0x61 0x0 0x0 0x0 0x0 0x0 0x0 0x0
2025-07-25 15:30:48,Speed,0,0x102,0x0 0x0 0x0 0x0 0x0 0x0 0x0 0x0
2025-07-25 15:30:49,Speed,0,0x102,0x0 0x0 0x0 0x0 0x0 0x0 0x0 0x0
2025-07-25 15:30:49,Fuel,86,0x104,0x56 0x0 0x0 0x0 0x0 0x0 0x0 0x0
2025-07-25 15:30:50,RPM,839,0x101,0x3 0x47 0x0 0x0 0x0 0x0 0x0 0x0
2025-07-25 15:30:50,Fuel,86,0x104,0x56 0x0 0x0 0x0 0x0 0x0 0x0 0x0
2025-07-25 15:30:51,Temperature,98,0x103,0x62 0x0 0x0 0x0 0x0 0x0 0x0 0x0
2025-07-25 15:30:51,Speed,2,0x102,0x2 0x0 0x0 0x0 0x0 0x0 0x0 0x0
2025-07-25 15:30:52,Fuel,86,0x104,0x56 0x0 0x0 0x0 0x0 0x0 0x0 0x0
2025-07-25 15:30:52,Speed,2,0x102,0x2 0x0 0x0 0x0 0x0 0x0 0x0 0x0
2025-07-25 15:30:53,Temperature,98,0x103,0x62 0x0 0x0 0x0 0x0 0x0 0x0 0x0
2025-07-25 15:30:53,Fuel,86,0x104,0x56 0x0 0x0 0x0 0x0 0x0 0x0 0x0
2025-07-25 15:30:54,RPM,900,0x101,0x3 0x84 0x0 0x0 0x0 0x0 0x0 0x0
2025-07-25 15:30:54,Temperature,98,0x103,0x62 0x0 0x0 0x0 0x0 0x0 0x0 0x0
2025-07-25 15:30:55,Speed,5,0x102,0x5 0x0 0x0 0x0 0x0 0x0 0x0 0x0
2025-07-25 15:30:55,Speed,7,0x102,0x7 0x0 0x0 0x0 0x0 0x0 0x0 0x0
2025-07-25 15:30:56,Speed,5,0x102,0x5 0x0 0x0 0x0 0x0 0x0 0x0 0x0
2025-07-25 15:30:56,Temperature,97,0x103,0x61 0x0 0x0 0x0 0x0 0x0 0x0 0x0
2025-07-25 15:30:57,Temperature,98,0x103,0x62 0x0 0x0 0x0 0x0 0x0 0x0 0x0
2025-07-25 15:30:57,Speed,6,0x102,0x6 0x0 0x0 0x0 0x0 0x0 0x0 0x0
2025-07-25 15:30:58,Speed,7,0x102,0x7 0x0 0x0 0x0 0x0 0x0 0x0 0x0
2025-07-25 15:30:58,Speed,6,0x102,0x6 0x0 0x0 0x0 0x0 0x0 0x0 0x0
2025-07-25 15:30:59,Fuel,85,0x104,0x55 0x0 0x0 0x0 0x0 0x0 0x0 0x0
2025-07-25 15:30:59,Fuel,85,0x104,0x55 0x0 0x0 0x0 0x0 0x0 0x0 0x0
2025-07-25 15:31:00,Speed,1,0x102,0x1 0x0 0x0 0x0 0x0 0x0 0x0 0x0
2025-07-25 15:31:00,Speed,0,0x102,0x0 0x0 0x0 0x0 0x0 0x0 0x0 0x0
2025-07-25 15:31:01,Fuel,85,0x104,0x55 0x0 0x0 0x0 0x0 0x0 0x0 0x0
2025-07-25 15:31:01,Temperature,98,0x103,0x62 0x0 0x0 0x0 0x0 0x0 0x0 0x0
2025-07-25 15:31:02,RPM,900,0x101,0x3 0x84 0x0 0x0 0x0 0x0 0x0 0x0
2025-07-25 15:31:02,Speed,0,0x102,0x0 0x0 0x0 0x0 0x0 0x0 0x0 0x0
2025-07-25 15:31:03,Fuel,85,0x104,0x55 0x0 0x0 0x0 0x0 0x0 0x0 0x0
2025-07-25 15:31:03,RPM,755,0x101,0x2 0xf3 0x0 0x0 0x0 0x0 0x0 0x0
2025-07-25 15:31:04,Speed,3,0x102,0x3 0x0 0x0 0x0 0x0 0x0 0x0 0x0
2025-07-25 15:31:04,Speed,4,0x102,0x4 0x0 0x0 0x0 0x0 0x0 0x0 0x0
2025-07-25 15:31:05,RPM,900,0x101,0x3 0x84 0x0 0x0 0x0 0x0 0x0 0x0
2025-07-25 15:31:05,Temperature,98,0x103,0x62 0x0 0x0 0x0 0x0 0x0 0x0 0x0
2025-07-25 15:31:06,Temperature,98,0x103,0x62 0x0 0x0 0x0 0x0 0x0 0x0 0x0
2025-07-25 15:31:06,Temperature,99,0x103,0x63 0x0 0x0 0x0 0x0 0x0 0x0 0x0
2025-07-25 15:31:07,Speed,0,0x102,0x0 0x0 0x0 0x0 0x0 0x0 0x0 0x0
2025-07-25 15:31:07,Fuel,85,0x104,0x55 0x0 0x0 0x0 0x0 0x0 0x0 0x0
2025-07-25 15:31:08,RPM,900,0x101,0x3 0x84 0x0 0x0 0x0 0x0 0x0 0x0
2025-07-25 15:31:08,Speed,1,0x102,0x1 0x0 0x0 0x0 0x0 0x0 0x0 0x0
2025-07-25 15:31:09,RPM,900,0x101,0x3 0x84 0x0 0x0 0x0 0x0 0x0 0x0
2025-07-25 15:31:10,Speed,0,0x102,0x0 0x0 0x0 0x0 0x0 0x0 0x0 0x0
2025-07-25 15:31:10,Speed,0,0x102,0x0 0x0 0x0 0x0 0x0 0x0 0x0 0x0
2025-07-25 15:31:11,Temperature,98,0x103,0x62 0x0 0x0 0x0 0x0 0x0 0x0 0x0
2025-07-25 15:31:11,Fuel,85,0x104,0x55 0x0 0x0 0x0 0x0 0x0 0x0 0x0
2025-07-25 15:31:12,Speed,4,0x102,0x4 0x0 0x0 0x0 0x0 0x0 0x0 0x0
2025-07-25 15:31:12,Speed,2,0x102,0x2 0x0 0x0 0x0 0x0 0x0 0x0 0x0
2025-07-25 15:31:13,Fuel,85,0x104,0x55 0x0 0x0 0x0 0x0 0x0 0x0 0x0
2025-07-25 15:31:13,Fuel,85,0x104,0x55 0x0 0x0 0x0 0x0 0x0 0x0 0x0
2025-07-25 15:31:14,Speed,0,0x102,0x0 0x0 0x0 0x0 0x0 0x0 0x0 0x0
2025-07-25 15:31:14,RPM,787,0x101,0x3 0x13 0x0 0x0 0x0 0x0 0x0 0x0
2025-07-25 15:31:15,Speed,0,0x102,0x0 0x0 0x0 0x0 0x0 0x0 0x0 0x0
2025-07-25 15:31:15,Fuel,85,0x104,0x55 0x0 0x0 0x0 0x0 0x0 0x0 0x0
2025-07-25 15:31:16,Fuel,85,0x104,0x55 0x0 0x0 0x0 0x0 0x0 0x0 0x0
2025-07-25 15:31:16,Speed,2,0x102,0x2 0x0 0x0 0x0 0x0 0x0 0x0 0x0
2025-07-25 15:31:17,Speed,4,0x102,0x4 0x0 0x0 0x0 0x0 0x0 0x0 0x0
2025-07-25 15:31:17,Speed,3,0x102,0x3 0x0 0x0 0x0 0x0 0x0 0x0 0x0
2025-07-25 15:31:18,RPM,804,0x101,0x3 0x24 0x0 0x0 0x0 0x0 0x0 0x0
2025-07-25 15:31:18,Temperature,98,0x103,0x62 0x0 0x0 0x0 0x0 0x0 0x0 0x0
2025-07-25 15:31:19,RPM,825,0x101,0x3 0x39 0x0 0x0 0x0 0x0 0x0 0x0
2025-07-25 15:31:19,Speed,0,0x102,0x0 0x0 0x0 0x0 0x0 0x0 0x0 0x0
2025-07-25 15:31:20,Fuel,85,0x104,0x55 0x0 0x0 0x0 0x0 0x0 0x0 0x0
2025-07-25 15:31:20,Temperature,98,0x103,0x62 0x0 0x0 0x0 0x0 0x0 0x0 0x0
2025-07-25 15:31:21,Fuel,85,0x104,0x55 0x0 0x0 0x0 0x0 0x0 0x0 0x0
2025-07-25 15:31:21,RPM,900,0x101,0x3 0x84 0x0 0x0 0x0 0x0 0x0 0x0
2025-07-25 15:31:22,Fuel,85,0x104,0x55 0x0 0x0 0x0 0x0 0x0 0x0 0x0
2025-07-25 15:31:22,RPM,900,0x101,0x3 0x84 0x0 0x0 0x0 0x0 0x0 0x0
2025-07-25 15:31:23,Temperature,99,0x103,0x63 0x0 0x0 0x0 0x0 0x0 0x0 0x0
2025-07-25 15:31:23,Fuel,85,0x104,0x55 0x0 0x0 0x0 0x0 0x0 0x0 0x0
2025-07-25 15:31:24,RPM,900,0x101,0x3 0x84 0x0 0x0 0x0 0x0 0x0 0x0
2025-07-25 15:31:24,RPM,900,0x101,0x3 0x84 0x0 0x0 0x0 0x0 0x0 0x0
2025-07-25 15:31:25,Speed,6,0x102,0x6 0x0 0x0 0x0 0x0 0x0 0x0 0x0
2025-07-25 15:31:25,Speed,3,0x102,0x3 0x0 0x0 0x0 0x0 0x0 0x0 0x0
2025-07-25 15:31:26,Fuel,85,0x104,0x55 0x0 0x0 0x0 0x0 0x0 0x0 0x0
2025-07-25 15:31:26,Speed,1,0x102,0x1 0x0 0x0 0x0 0x0 0x0 0x0 0x0
2025-07-25 15:31:27,Temperature,99,0x103,0x63 0x0 0x0 0x0 0x0 0x0 0x0 0x0
2025-07-25 15:31:27,Temperature,99,0x103,0x63 0x0 0x0 0x0 0x0 0x0 0x0 0x0
2025-07-25 15:31:28,Fuel,84,0x104,0x54 0x0 0x0 0x0 0x0 0x0 0x0 0x0
2025-07-25 15:31:28,Temperature,99,0x103,0x63 0x0 0x0 0x0 0x0 0x0 0x0 0x0
2025-07-25 15:31:29,Temperature,99,0x103,0x63 0x0 0x0 0x0 0x0 0x0 0x0 0x0
2025-07-25 15:31:29,RPM,900,0x101,0x3 0x84 0x0 0x0 0x0 0x0 0x0 0x0
2025-07-25 15:31:30,Fuel,84,0x104,0x54 0x0 0x0 0x0 0x0 0x0 0x0 0x0
2025-07-25 15:31:30,Speed,0,0x102,0x0 0x0 0x0 0x0 0x0 0x0 0x0 0x0
2025-07-25 15:31:31,RPM,816,0x101,0x3 0x30 0x0 0x0 0x0 0x0 0x0 0x0
2025-07-25 15:31:31,Temperature,99,0x103,0x63 0x0 0x0 0x0 0x0 0x0 0x0 0x0
2025-07-25 15:31:32,RPM,900,0x101,0x3 0x84 0x0 0x0 0x0 0x0 0x0 0x0
2025-07-25 15:31:32,Fuel,84,0x104,0x54 0x0 0x0 0x0 0x0 0x0 0x0 0x0
2025-07-25 15:31:33,RPM,826,0x101,0x3 0x3a 0x0 0x0 0x0 0x0 0x0 0x0
2025-07-25 15:31:33,Temperature,99,0x103,0x63 0x0 0x0 0x0 0x0 0x0 0x0 0x0
2025-07-25 15:31:34,Speed,0,0x102,0x0 0x0 0x0 0x0 0x0 0x0 0x0 0x0
2025-07-25 15:31:34,Temperature,99,0x103,0x63 0x0 0x0 0x0 0x0 0x0 0x0 0x0
2025-07-25 15:31:35,RPM,773,0x101,0x3 0x5 0x0 0x0 0x0 0x0 0x0 0x0
2025-07-25 15:31:35,RPM,793,0x101,0x3 0x19 0x0 0x0 0x0 0x0 0x0 0x0
2025-07-25 15:31:36,Temperature,99,0x103,0x63 0x0 0x0 0x0 0x0 0x0 0x0 0x0
2025-07-25 15:31:36,Fuel,84,0x104,0x54 0x0 0x0 0x0 0x0 0x0 0x0 0x0
2025-07-25 15:31:37,RPM,900,0x101,0x3 0x84 0x0 0x0 0x0 0x0 0x0 0x0
2025-07-25 15:31:37,Fuel,84,0x104,0x54 0x0 0x0 0x0 0x0 0x0 0x0 0x0
2025-07-25 15:31:38,RPM,900,0x101,0x3 0x84 0x0 0x0 0x0 0x0 0x0 0x0
2025-07-25 15:31:38,Fuel,84,0x104,0x54 0x0 0x0 0x0 0x0 0x0 0x0 0x0
2025-07-25 15:31:39,Temperature,99,0x103,0x63 0x0 0x0 0x0 0x0 0x0 0x0 0x0
2025-07-25 15:31:39,Temperature,99,0x103,0x63 0x0 0x0 0x0 0x0 0x0 0x0 0x0
2025-07-25 15:31:40,RPM,765,0x101,0x2 0xfd 0x0 0x0 0x0 0x0 0x0 0x0
2025-07-25 15:31:40,Temperature,99,0x103,0x63 0x0 0x0 0x0 0x0 0x0 0x0 0x0
2025-07-25 15:31:41,Fuel,84,0x104,0x54 0x0 0x0 0x0 0x0 0x0 0x0 0x0
2025-07-25 15:31:42,Temperature,99,0x103,0x63 0x0 0x0 0x0 0x0 0x0 0x0 0x0
2025-07-25 15:31:42,RPM,900,0x101,0x3 0x84 0x0 0x0 0x0 0x0 0x0 0x0
2025-07-25 15:31:43,RPM,900,0x101,0x3 0x84 0x0 0x0 0x0 0x0 0x0 0x0
2025-07-25 15:31:43,Fuel,84,0x104,0x54 0x0 0x0 0x0 0x0 0x0 0x0 0x0
2025-07-25 15:31:44,RPM,900,0x101,0x3 0x84 0x0 0x0 0x0 0x0 0x0 0x0
2025-07-25 15:31:44,Fuel,84,0x104,0x54 0x0 0x0 0x0 0x0 0x0 0x0 0x0
2025-07-25 15:31:45,RPM,900,0x101,0x3 0x84 0x0 0x0 0x0 0x0 0x0 0x0
2025-07-25 15:31:45,Temperature,99,0x103,0x63 0x0 0x0 0x0 0x0 0x0 0x0 0x0
2025-07-25 15:31:46,Temperature,99,0x103,0x63 0x0 0x0 0x0 0x0 0x0 0x0 0x0
2025-07-25 15:31:46,Speed,8,0x102,0x8 0x0 0x0 0x0 0x0 0x0 0x0 0x0
2025-07-25 15:31:47,Temperature,99,0x103,0x63 0x0 0x0 0x0 0x0 0x0 0x0 0x0
2025-07-25 15:31:47,Temperature,99,0x103,0x63 0x0 0x0 0x0 0x0 0x0 0x0 0x0
2025-07-25 15:31:48,Speed,4,0x102,0x4 0x0 0x0 0x0 0x0 0x0 0x0 0x0
2025-07-25 15:31:48,Speed,1,0x102,0x1 0x0 0x0 0x0 0x0 0x0 0x0 0x0
2025-07-25 15:31:49,RPM,790,0x101,0x3 0x16 0x0 0x0 0x0 0x0 0x0 0x0
2025-07-25 15:31:49,Fuel,84,0x104,0x54 0x0 0x0 0x0 0x0 0x0 0x0 0x0
2025-07-25 15:31:50,Speed,0,0x102,0x0 0x0 0x0 0x0 0x0 0x0 0x0 0x0
2025-07-25 15:31:50,Fuel,84,0x104,0x54 0x0 0x0 0x0 0x0 0x0 0x0 0x0
2025-07-25 15:31:51,Temperature,99,0x103,0x63 0x0 0x0 0x0 0x0 0x0 0x0 0x0
2025-07-25 15:31:51,Fuel,84,0x104,0x54 0x0 0x0 0x0 0x0 0x0 0x0 0x0
2025-07-25 15:31:52,Speed,1,0x102,0x1 0x0 0x0 0x0 0x0 0x0 0x0 0x0
2025-07-25 15:31:52,Fuel,84,0x104,0x54 0x0 0x0 0x0 0x0 0x0 0x0 0x0
2025-07-25 15:31:53,Speed,7,0x102,0x7 0x0 0x0 0x0 0x0 0x0 0x0 0x0
2025-07-25 15:31:53,Fuel,84,0x104,0x54 0x0 0x0 0x0 0x0 0x0 0x0 0x0
2025-07-25 15:31:54,RPM,900,0x101,0x3 0x84 0x0 0x0 0x0 0x0 0x0 0x0
2025-07-25 15:31:54,Fuel,84,0x104,0x54 0x0 0x0 0x0 0x0 0x0 0x0 0x0
2025-07-25 15:31:55,Speed,15,0x102,0xf 0x0 0x0 0x0 0x0 0x0 0x0 0x0
2025-07-25 15:31:55,Temperature,99,0x103,0x63 0x0 0x0 0x0 0x0 0x0 0x0 0x0
2025-07-25 15:31:56,Speed,16,0x102,0x10 0x0 0x0 0x0 0x0 0x0 0x0 0x0
2025-07-25 15:31:56,Temperature,99,0x103,0x63 0x0 0x0 0x0 0x0 0x0 0x0 0x0
2025-07-25 15:31:57,RPM,900,0x101,0x3 0x84 0x0 0x0 0x0 0x0 0x0 0x0
2025-07-25 15:31:57,Temperature,99,0x103,0x63 0x0 0x0 0x0 0x0 0x0 0x0 0x0
2025-07-25 15:31:58,RPM,900,0x101,0x3 0x84 0x0 0x0 0x0 0x0 0x0 0x0
2025-07-25 15:31:58,Fuel,84,0x104,0x54 0x0 0x0 0x0 0x0 0x0 0x0 0x0
2025-07-25 15:31:59,Speed,13,0x102,0xd 0x0 0x0 0x0 0x0 0x0 0x0 0x0
2025-07-25 15:31:59,Fuel,84,0x104,0x54 0x0 0x0 0x0 0x0 0x0 0x0 0x0
2025-07-25 15:32:00,Speed,17,0x102,0x11 0x0 0x0 0x0 0x0 0x0 0x0 0x0
2025-07-25 15:32:00,Temperature,100,0x103,0x64 0x0 0x0 0x0 0x0 0x0 0x0 0x0
2025-07-25 15:32:01,Speed,20,0x102,0x14 0x0 0x0 0x0 0x0 0x0 0x0 0x0
2025-07-25 15:32:01,Speed,22,0x102,0x16 0x0 0x0 0x0 0x0 0x0 0x0 0x0
2025-07-25 15:32:02,RPM,900,0x101,0x3 0x84 0x0 0x0 0x0 0x0 0x0 0x0
2025-07-25 15:32:02,Temperature,100,0x103,0x64 0x0 0x0 0x0 0x0 0x0 0x0 0x0
2025-07-25 15:32:03,RPM,900,0x101,0x3 0x84 0x0 0x0 0x0 0x0 0x0 0x0
2025-07-25 15:32:03,Temperature,100,0x103,0x64 0x0 0x0 0x0 0x0 0x0 0x0 0x0
2025-07-25 15:32:04,Temperature,100,0x103,0x64 0x0 0x0 0x0 0x0 0x0 0x0 0x0
2025-07-25 15:32:04,Speed,16,0x102,0x10 0x0 0x0 0x0 0x0 0x0 0x0 0x0
2025-07-25 15:32:05,Temperature,101,0x103,0x65 0x0 0x0 0x0 0x0 0x0 0x0 0x0
2025-07-25 15:32:05,Temperature,100,0x103,0x64 0x0 0x0 0x0 0x0 0x0 0x0 0x0
2025-07-25 15:32:06,Temperature,101,0x103,0x65 0x0 0x0 0x0 0x0 0x0 0x0 0x0
2025-07-25 15:32:06,Fuel,83,0x104,0x53 0x0 0x0 0x0 0x0 0x0 0x0 0x0
2025-07-25 15:32:07,RPM,900,0x101,0x3 0x84 0x0 0x0 0x0 0x0 0x0 0x0
2025-07-25 15:32:07,RPM,900,0x101,0x3 0x84 0x0 0x0 0x0 0x0 0x0 0x0
2025-07-25 15:32:08,Fuel,83,0x104,0x53 0x0 0x0 0x0 0x0 0x0 0x0 0x0
2025-07-25 15:32:08,Fuel,83,0x104,0x53 0x0 0x0 0x0 0x0 0x0 0x0 0x0
2025-07-25 15:32:09,Temperature,101,0x103,0x65 0x0 0x0 0x0 0x0 0x0 0x0 0x0
2025-07-25 15:32:10,Temperature,101,0x103,0x65 0x0 0x0 0x0 0x0 0x0 0x0 0x0
2025-07-25 15:32:10,RPM,900,0x101,0x3 0x84 0x0 0x0 0x0 0x0 0x0 0x0
2025-07-25 15:32:11,Speed,16,0x102,0x10 0x0 0x0 0x0 0x0 0x0 0x0 0x0
2025-07-25 15:32:11,Fuel,83,0x104,0x53 0x0 0x0 0x0 0x0 0x0 0x0 0x0
2025-07-25 15:32:12,Fuel,83,0x104,0x53 0x0 0x0 0x0 0x0 0x0 0x0 0x0
2025-07-25 15:32:12,Speed,17,0x102,0x11 0x0 0x0 0x0 0x0 0x0 0x0 0x0
2025-07-25 15:32:13,Speed,15,0x102,0xf 0x0 0x0 0x0 0x0 0x0 0x0 0x0
2025-07-25 15:32:13,RPM,900,0x101,0x3 0x84 0x0 0x0 0x0 0x0 0x0 0x0
2025-07-25 15:32:14,Temperature,101,0x103,0x65 0x0 0x0 0x0 0x0 0x0 0x0 0x0
2025-07-25 15:32:14,Fuel,83,0x104,0x53 0x0 0x0 0x0 0x0 0x0 0x0 0x0
2025-07-25 15:32:15,Fuel,83,0x104,0x53 0x0 0x0 0x0 0x0 0x0 0x0 0x0
2025-07-25 15:32:15,RPM,900,0x101,0x3 0x84 0x0 0x0 0x0 0x0 0x0 0x0
2025-07-25 15:32:16,Temperature,101,0x103,0x65 0x0 0x0 0x0 0x0 0x0 0x0 0x0
2025-07-25 15:32:16,Temperature,101,0x103,0x65 0x0 0x0 0x0 0x0 0x0 0x0 0x0
2025-07-25 15:32:17,RPM,900,0x101,0x3 0x84 0x0 0x0 0x0 0x0 0x0 0x0
2025-07-25 15:32:17,Speed,2,0x102,0x2 0x0 0x0 0x0 0x0 0x0 0x0 0x0
2025-07-25 15:32:18,RPM,900,0x101,0x3 0x84 0x0 0x0 0x0 0x0 0x0 0x0
2025-07-25 15:32:18,Speed,3,0x102,0x3 0x0 0x0 0x0 0x0 0x0 0x0 0x0
2025-07-25 15:32:19,RPM,900,0x101,0x3 0x84 0x0 0x0 0x0 0x0 0x0 0x0
2025-07-25 15:32:19,Fuel,82,0x104,0x52 0x0 0x0 0x0 0x0 0x0 0x0 0x0
2025-07-25 15:32:20,Temperature,100,0x103,0x64 0x0 0x0 0x0 0x0 0x0 0x0 0x0
2025-07-25 15:32:20,Fuel,82,0x104,0x52 0x0 0x0 0x0 0x0 0x0 0x0 0x0
2025-07-25 15:32:21,Temperature,101,0x103,0x65 0x0 0x0 0x0 0x0 0x0 0x0 0x0
2025-07-25 15:32:21,Temperature,101,0x103,0x65 0x0 0x0 0x0 0x0 0x0 0x0 0x0
2025-07-25 15:32:22,Fuel,82,0x104,0x52 0x0 0x0 0x0 0x0 0x0 0x0 0x0
2025-07-25 15:32:22,Fuel,82,0x104,0x52 0x0 0x0 0x0 0x0 0x0 0x0 0x0
2025-07-25 15:32:23,Temperature,101,0x103,0x65 0x0 0x0 0x0 0x0 0x0 0x0 0x0
2025-07-25 15:32:23,Fuel,82,0x104,0x52 0x0 0x0 0x0 0x0 0x0 0x0 0x0
2025-07-25 15:32:24,Fuel,82,0x104,0x52 0x0 0x0 0x0 0x0 0x0 0x0 0x0
2025-07-25 15:32:24,Temperature,100,0x103,0x64 0x0 0x0 0x0 0x0 0x0 0x0 0x0
2025-07-25 15:32:25,RPM,840,0x101,0x3 0x48 0x0 0x0 0x0 0x0 0x0 0x0
2025-07-25 15:32:25,Speed,0,0x102,0x0 0x0 0x0 0x0 0x0 0x0 0x0 0x0
2025-07-25 15:32:26,Speed,0,0x102,0x0 0x0 0x0 0x0 0x0 0x0 0x0 0x0
2025-07-25 15:32:26,Temperature,100,0x103,0x64 0x0 0x0 0x0 0x0 0x0 0x0 0x0
2025-07-25 15:32:27,RPM,794,0x101,0x3 0x1a 0x0 0x0 0x0 0x0 0x0 0x0
2025-07-25 15:32:27,Fuel,82,0x104,0x52 0x0 0x0 0x0 0x0 0x0 0x0 0x0
2025-07-25 15:32:28,RPM,824,0x101,0x3 0x38 0x0 0x0 0x0 0x0 0x0 0x0
2025-07-25 15:32:28,Fuel,82,0x104,0x52 0x0 0x0 0x0 0x0 0x0 0x0 0x0
2025-07-25 15:32:29,Speed,0,0x102,0x0 0x0 0x0 0x0 0x0 0x0 0x0 0x0
2025-07-25 15:32:29,Speed,0,0x102,0x0 0x0 0x0 0x0 0x0 0x0 0x0 0x0
2025-07-25 15:32:30,Fuel,82,0x104,0x52 0x0 0x0 0x0 0x0 0x0 0x0 0x0
2025-07-25 15:32:30,RPM,900,0x101,0x3 0x84 0x0 0x0 0x0 0x0 0x0 0x0
2025-07-25 15:32:31,RPM,900,0x101,0x3 0x84 0x0 0x0 0x0 0x0 0x0 0x0
2025-07-25 15:32:31,Speed,8,0x102,0x8 0x0 0x0 0x0 0x0 0x0 0x0 0x0
2025-07-25 15:32:34,Temperature,70,0x103,0x46 0x0 0x0 0x0 0x0 0x0 0x0 0x0
2025-07-25 15:32:35,RPM,900,0x101,0x3 0x84 0x0 0x0 0x0 0x0 0x0 0x0
2025-07-25 15:32:35,Speed,6,0x102,0x6 0x0 0x0 0x0 0x0 0x0 0x0 0x0
2025-07-25 15:32:36,Speed,3,0x102,0x3 0x0 0x0 0x0 0x0 0x0 0x0 0x0
2025-07-25 15:32:36,Speed,2,0x102,0x2 0x0 0x0 0x0 0x0 0x0 0x0 0x0
2025-07-25 15:32:37,Temperature,72,0x103,0x48 0x0 0x0 0x0 0x0 0x0 0x0 0x0
2025-07-25 15:32:37,Speed,0,0x102,0x0 0x0 0x0 0x0 0x0 0x0 0x0 0x0
2025-07-25 15:32:38,Speed,1,0x102,0x1 0x0 0x0 0x0 0x0 0x0 0x0 0x0
2025-07-25 15:32:38,Temperature,73,0x103,0x49 0x0 0x0 0x0 0x0 0x0 0x0 0x0
2025-07-25 15:32:39,RPM,798,0x101,0x3 0x1e 0x0 0x0 0x0 0x0 0x0 0x0
2025-07-25 15:32:39,Fuel,99,0x104,0x63 0x0 0x0 0x0 0x0 0x0 0x0 0x0
2025-07-25 15:32:40,Speed,4,0x102,0x4 0x0 0x0 0x0 0x0 0x0 0x0 0x0
2025-07-25 15:32:40,Temperature,74,0x103,0x4a 0x0 0x0 0x0 0x0 0x0 0x0 0x0
2025-07-25 15:32:41,Fuel,99,0x104,0x63 0x0 0x0 0x0 0x0 0x0 0x0 0x0
2025-07-25 15:32:41,RPM,819,0x101,0x3 0x33 0x0 0x0 0x0 0x0 0x0 0x0
2025-07-25 15:32:42,Speed,0,0x102,0x0 0x0 0x0 0x0 0x0 0x0 0x0 0x0
2025-07-25 15:32:42,Fuel,99,0x104,0x63 0x0 0x0 0x0 0x0 0x0 0x0 0x0
2025-07-25 15:32:43,RPM,900,0x101,0x3 0x84 0x0 0x0 0x0 0x0 0x0 0x0
2025-07-25 15:32:43,Fuel,99,0x104,0x63 0x0 0x0 0x0 0x0 0x0 0x0 0x0
2025-07-25 15:32:44,RPM,844,0x101,0x3 0x4c 0x0 0x0 0x0 0x0 0x0 0x0
2025-07-25 15:32:44,Fuel,99,0x104,0x63 0x0 0x0 0x0 0x0 0x0 0x0 0x0
2025-07-25 15:32:45,Temperature,78,0x103,0x4e 0x0 0x0 0x0 0x0 0x0 0x0 0x0
2025-07-25 15:32:45,Speed,4,0x102,0x4 0x0 0x0 0x0 0x0 0x0 0x0 0x0
2025-07-25 15:32:46,Fuel,99,0x104,0x63 0x0 0x0 0x0 0x0 0x0 0x0 0x0
2025-07-25 15:32:46,Temperature,79,0x103,0x4f 0x0 0x0 0x0 0x0 0x0 0x0 0x0
2025-07-25 15:32:47,RPM,842,0x101,0x3 0x4a 0x0 0x0 0x0 0x0 0x0 0x0
2025-07-25 15:32:47,Fuel,99,0x104,0x63 0x0 0x0 0x0 0x0 0x0 0x0 0x0
2025-07-25 15:32:48,Temperature,80,0x103,0x50 0x0 0x0 0x0 0x0 0x0 0x0 0x0
2025-07-25 15:32:48,RPM,770,0x101,0x3 0x2 0x0 0x0 0x0 0x0 0x0 0x0
2025-07-25 15:32:49,Speed,0,0x102,0x0 0x0 0x0 0x0 0x0 0x0 0x0 0x0
2025-07-25 15:32:49,Fuel,99,0x104,0x63 0x0 0x0 0x0 0x0 0x0 0x0 0x0
2025-07-25 15:32:50,Temperature,81,0x103,0x51 0x0 0x0 0x0 0x0 0x0 0x0 0x0
2025-07-25 15:32:50,Speed,0,0x102,0x0 0x0 0x0 0x0 0x0 0x0 0x0 0x0
2025-07-25 15:32:51,Speed,0,0x102,0x0 0x0 0x0 0x0 0x0 0x0 0x0 0x0
2025-07-25 15:32:51,Temperature,82,0x103,0x52 0x0 0x0 0x0 0x0 0x0 0x0 0x0
2025-07-25 15:32:52,Fuel,99,0x104,0x63 0x0 0x0 0x0 0x0 0x0 0x0 0x0
2025-07-25 15:32:52,Temperature,83,0x103,0x53 0x0 0x0 0x0 0x0 0x0 0x0 0x0
2025-07-25 15:32:53,Fuel,99,0x104,0x63 0x0 0x0 0x0 0x0 0x0 0x0 0x0
2025-07-25 15:32:54,Fuel,99,0x104,0x63 0x0 0x0 0x0 0x0 0x0 0x0 0x0
2025-07-25 15:32:54,Speed,2,0x102,0x2 0x0 0x0 0x0 0x0 0x0 0x0 0x0
2025-07-25 15:32:55,Temperature,84,0x103,0x54 0x0 0x0 0x0 0x0 0x0 0x0 0x0
2025-07-25 15:32:55,Temperature,85,0x103,0x55 0x0 0x0 0x0 0x0 0x0 0x0 0x0
2025-07-25 15:32:56,RPM,839,0x101,0x3 0x47 0x0 0x0 0x0 0x0 0x0 0x0
2025-07-25 15:32:56,Speed,3,0x102,0x3 0x0 0x0 0x0 0x0 0x0 0x0 0x0
2025-07-25 15:32:57,RPM,900,0x101,0x3 0x84 0x0 0x0 0x0 0x0 0x0 0x0
2025-07-25 15:32:57,Temperature,86,0x103,0x56 0x0 0x0 0x0 0x0 0x0 0x0 0x0
2025-07-25 15:32:58,Speed,0,0x102,0x0 0x0 0x0 0x0 0x0 0x0 0x0 0x0
2025-07-25 15:32:58,Temperature,86,0x103,0x56 0x0 0x0 0x0 0x0 0x0 0x0 0x0
2025-07-25 15:32:59,RPM,777,0x101,0x3 0x9 0x0 0x0 0x0 0x0 0x0 0x0
2025-07-25 15:32:59,Speed,0,0x102,0x0 0x0 0x0 0x0 0x0 0x0 0x0 0x0
2025-07-25 15:33:00,Temperature,87,0x103,0x57 0x0 0x0 0x0 0x0 0x0 0x0 0x0
2025-07-25 15:33:00,RPM,900,0x101,0x3 0x84 0x0 0x0 0x0 0x0 0x0 0x0
2025-07-25 15:33:01,RPM,900,0x101,0x3 0x84 0x0 0x0 0x0 0x0 0x0 0x0
2025-07-25 15:33:01,Speed,0,0x102,0x0 0x0 0x0 0x0 0x0 0x0 0x0 0x0
2025-07-25 15:33:02,Speed,0,0x102,0x0 0x0 0x0 0x0 0x0 0x0 0x0 0x0
2025-07-25 15:33:02,RPM,750,0x101,0x2 0xee 0x0 0x0 0x0 0x0 0x0 0x0
2025-07-25 15:33:03,Temperature,89,0x103,0x59 0x0 0x0 0x0 0x0 0x0 0x0 0x0
2025-07-25 15:33:03,Temperature,89,0x103,0x59 0x0 0x0 0x0 0x0 0x0 0x0 0x0
2025-07-25 15:33:04,Temperature,90,0x103,0x5a 0x0 0x0 0x0 0x0 0x0 0x0 0x0
2025-07-25 15:33:04,Fuel,99,0x104,0x63 0x0 0x0 0x0 0x0 0x0 0x0 0x0
2025-07-25 15:33:05,RPM,900,0x101,0x3 0x84 0x0 0x0 0x0 0x0 0x0 0x0
2025-07-25 15:33:05,Temperature,91,0x103,0x5b 0x0 0x0 0x0 0x0 0x0 0x0 0x0
2025-07-25 15:33:06,Fuel,99,0x104,0x63 0x0 0x0 0x0 0x0 0x0 0x0 0x0
2025-07-25 15:33:06,Fuel,99,0x104,0x63 0x0 0x0 0x0 0x0 0x0 0x0 0x0
2025-07-25 15:33:07,Temperature,92,0x103,0x5c 0x0 0x0 0x0 0x0 0x0 0x0 0x0
2025-07-25 15:33:07,Temperature,92,0x103,0x5c 0x0 0x0 0x0 0x0 0x0 0x0 0x0
2025-07-25 15:33:08,Speed,13,0x102,0xd 0x0 0x0 0x0 0x0 0x0 0x0 0x0
2025-07-25 15:33:08,Fuel,98,0x104,0x62 0x0 0x0 0x0 0x0 0x0 0x0 0x0
2025-07-25 15:33:09,RPM,900,0x101,0x3 0x84 0x0 0x0 0x0 0x0 0x0 0x0
2025-07-25 15:33:09,Speed,18,0x102,0x12 0x0 0x0 0x0 0x0 0x0 0x0 0x0
2025-07-25 15:33:10,Speed,17,0x102,0x11 0x0 0x0 0x0 0x0 0x0 0x0 0x0
2025-07-25 15:33:10,Speed,18,0x102,0x12 0x0 0x0 0x0 0x0 0x0 0x0 0x0
2025-07-25 15:33:11,RPM,900,0x101,0x3 0x84 0x0 0x0 0x0 0x0 0x0 0x0
2025-07-25 15:33:11,Speed,17,0x102,0x11 0x0 0x0 0x0 0x0 0x0 0x0 0x0
2025-07-25 15:33:12,Temperature,95,0x103,0x5f 0x0 0x0 0x0 0x0 0x0 0x0 0x0
2025-07-25 15:33:12,Fuel,98,0x104,0x62 0x0 0x0 0x0 0x0 0x0 0x0 0x0
2025-07-25 15:33:13,Speed,13,0x102,0xd 0x0 0x0 0x0 0x0 0x0 0x0 0x0
2025-07-25 15:33:13,Fuel,98,0x104,0x62 0x0 0x0 0x0 0x0 0x0 0x0 0x0
2025-07-25 15:33:14,Fuel,98,0x104,0x62 0x0 0x0 0x0 0x0 0x0 0x0 0x0
2025-07-25 15:33:14,Speed,11,0x102,0xb 0x0 0x0 0x0 0x0 0x0 0x0 0x0
2025-07-25 15:33:15,Temperature,95,0x103,0x5f 0x0 0x0 0x0 0x0 0x0 0x0 0x0
2025-07-25 15:33:15,Speed,12,0x102,0xc 0x0 0x0 0x0 0x0 0x0 0x0 0x0
2025-07-25 15:33:16,Temperature,94,0x103,0x5e 0x0 0x0 0x0 0x0 0x0 0x0 0x0
2025-07-25 15:33:16,Temperature,95,0x103,0x5f 0x0 0x0 0x0 0x0 0x0 0x0 0x0
2025-07-25 15:33:17,Temperature,95,0x103,0x5f 0x0 0x0 0x0 0x0 0x0 0x0 0x0
2025-07-25 15:33:17,RPM,900,0x101,0x3 0x84 0x0 0x0 0x0 0x0 0x0 0x0
2025-07-25 15:33:18,Speed,6,0x102,0x6 0x0 0x0 0x0 0x0 0x0 0x0 0x0
2025-07-25 15:33:18,Temperature,95,0x103,0x5f 0x0 0x0 0x0 0x0 0x0 0x0 0x0
2025-07-25 15:33:19,Temperature,95,0x103,0x5f 0x0 0x0 0x0 0x0 0x0 0x0 0x0
2025-07-25 15:33:19,Temperature,95,0x103,0x5f 0x0 0x0 0x0 0x0 0x0 0x0 0x0
2025-07-25 15:33:20,Fuel,98,0x104,0x62 0x0 0x0 0x0 0x0 0x0 0x0 0x0
2025-07-25 15:33:20,RPM,761,0x101,0x2 0xf9 0x0 0x0 0x0 0x0 0x0 0x0
2025-07-25 15:33:21,Speed,0,0x102,0x0 0x0 0x0 0x0 0x0 0x0 0x0 0x0
2025-07-25 15:33:21,Speed,3,0x102,0x3 0x0 0x0 0x0 0x0 0x0 0x0 0x0
2025-07-25 15:33:22,Fuel,98,0x104,0x62 0x0 0x0 0x0 0x0 0x0 0x0 0x0
2025-07-25 15:33:22,RPM,900,0x101,0x3 0x84 0x0 0x0 0x0 0x0 0x0 0x0
2025-07-25 15:33:23,RPM,900,0x101,0x3 0x84 0x0 0x0 0x0 0x0 0x0 0x0
2025-07-25 15:33:23,RPM,900,0x101,0x3 0x84 0x0 0x0 0x0 0x0 0x0 0x0
2025-07-25 15:33:24,RPM,900,0x101,0x3 0x84 0x0 0x0 0x0 0x0 0x0 0x0
2025-07-25 15:33:24,Speed,10,0x102,0xa 0x0 0x0 0x0 0x0 0x0 0x0 0x0
2025-07-25 15:33:25,RPM,900,0x101,0x3 0x84 0x0 0x0 0x0 0x0 0x0 0x0
2025-07-25 15:33:25,Speed,13,0x102,0xd 0x0 0x0 0x0 0x0 0x0 0x0 0x0
2025-07-25 15:33:26,Speed,16,0x102,0x10 0x0 0x0 0x0 0x0 0x0 0x0 0x0
2025-07-25 15:33:27,Temperature,97,0x103,0x61 0x0 0x0 0x0 0x0 0x0 0x0 0x0
2025-07-25 15:33:27,Fuel,98,0x104,0x62 0x0 0x0 0x0 0x0 0x0 0x0 0x0
2025-07-25 15:33:28,RPM,900,0x101,0x3 0x84 0x0 0x0 0x0 0x0 0x0 0x0
2025-07-25 15:33:28,RPM,900,0x101,0x3 0x84 0x0 0x0 0x0 0x0 0x0 0x0
2025-07-25 15:33:29,Speed,6,0x102,0x6 0x0 0x0 0x0 0x0 0x0 0x0 0x0
2025-07-25 15:33:29,Temperature,96,0x103,0x60 0x0 0x0 0x0 0x0 0x0 0x0 0x0
2025-07-25 15:33:30,RPM,900,0x101,0x3 0x84 0x0 0x0 0x0 0x0 0x0 0x0
2025-07-25 15:33:30,Temperature,96,0x103,0x60 0x0 0x0 0x0 0x0 0x0 0x0 0x0
2025-07-25 15:33:31,Speed,1,0x102,0x1 0x0 0x0 0x0 0x0 0x0 0x0 0x0
2025-07-25 15:33:31,Speed,0,0x102,0x0 0x0 0x0 0x0 0x0 0x0 0x0 0x0
2025-07-25 15:33:32,RPM,804,0x101,0x3 0x24 0x0 0x0 0x0 0x0 0x0 0x0
2025-07-25 15:33:32,RPM,819,0x101,0x3 0x33 0x0 0x0 0x0 0x0 0x0 0x0
2025-07-25 15:33:33,Speed,0,0x102,0x0 0x0 0x0 0x0 0x0 0x0 0x0 0x0
2025-07-25 15:33:33,Speed,0,0x102,0x0 0x0 0x0 0x0 0x0 0x0 0x0 0x0
2025-07-25 15:33:34,RPM,846,0x101,0x3 0x4e 0x0 0x0 0x0 0x0 0x0 0x0
2025-07-25 15:33:34,Temperature,97,0x103,0x61 0x0 0x0 0x0 0x0 0x0 0x0 0x0
2025-07-25 15:33:35,Speed,0,0x102,0x0 0x0 0x0 0x0 0x0 0x0 0x0 0x0
2025-07-25 15:33:35,Fuel,97,0x104,0x61 0x0 0x0 0x0 0x0 0x0 0x0 0x0
2025-07-25 15:33:36,Speed,1,0x102,0x1 0x0 0x0 0x0 0x0 0x0 0x0 0x0
2025-07-25 15:33:36,Speed,3,0x102,0x3 0x0 0x0 0x0 0x0 0x0 0x0 0x0
2025-07-25 15:33:37,RPM,900,0x101,0x3 0x84 0x0 0x0 0x0 0x0 0x0 0x0
2025-07-25 15:33:37,Temperature,97,0x103,0x61 0x0 0x0 0x0 0x0 0x0 0x0 0x0
2025-07-25 15:33:38,Fuel,97,0x104,0x61 0x0 0x0 0x0 0x0 0x0 0x0 0x0
2025-07-25 15:33:38,Fuel,97,0x104,0x61 0x0 0x0 0x0 0x0 0x0 0x0 0x0
2025-07-25 15:33:39,Speed,1,0x102,0x1 0x0 0x0 0x0 0x0 0x0 0x0 0x0
2025-07-25 15:33:39,RPM,793,0x101,0x3 0x19 0x0 0x0 0x0 0x0 0x0 0x0
2025-07-25 15:33:40,Speed,2,0x102,0x2 0x0 0x0 0x0 0x0 0x0 0x0 0x0
2025-07-25 15:33:40,Fuel,97,0x104,0x61 0x0 0x0 0x0 0x0 0x0 0x0 0x0
2025-07-25 15:33:41,Speed,0,0x102,0x0 0x0 0x0 0x0 0x0 0x0 0x0 0x0
2025-07-25 15:33:41,RPM,900,0x101,0x3 0x84 0x0 0x0 0x0 0x0 0x0 0x0
2025-07-25 15:33:42,Fuel,97,0x104,0x61 0x0 0x0 0x0 0x0 0x0 0x0 0x0
2025-07-25 15:33:42,Temperature,97,0x103,0x61 0x0 0x0 0x0 0x0 0x0 0x0 0x0
2025-07-25 15:33:43,Fuel,97,0x104,0x61 0x0 0x0 0x0 0x0 0x0 0x0 0x0
2025-07-25 15:33:43,Temperature,97,0x103,0x61 0x0 0x0 0x0 0x0 0x0 0x0 0x0
2025-07-25 15:33:44,Fuel,97,0x104,0x61 0x0 0x0 0x0 0x0 0x0 0x0 0x0
2025-07-25 15:33:44,RPM,900,0x101,0x3 0x84 0x0 0x0 0x0 0x0 0x0 0x0
2025-07-25 15:33:45,Fuel,97,0x104,0x61 0x0 0x0 0x0 0x0 0x0 0x0 0x0
2025-07-25 15:33:45,Temperature,97,0x103,0x61 0x0 0x0 0x0 0x0 0x0 0x0 0x0
2025-07-25 15:33:46,RPM,900,0x101,0x3 0x84 0x0 0x0 0x0 0x0 0x0 0x0
2025-07-25 15:33:46,Fuel,97,0x104,0x61 0x0 0x0 0x0 0x0 0x0 0x0 0x0
2025-07-25 15:33:47,Temperature,97,0x103,0x61 0x0 0x0 0x0 0x0 0x0 0x0 0x0
2025-07-25 15:33:47,Temperature,97,0x103,0x61 0x0 0x0 0x0 0x0 0x0 0x0 0x0
2025-07-25 15:33:48,Fuel,97,0x104,0x61 0x0 0x0 0x0 0x0 0x0 0x0 0x0
2025-07-25 15:33:48,Temperature,97,0x103,0x61 0x0 0x0 0x0 0x0 0x0 0x0 0x0
2025-07-25 15:33:49,RPM,846,0x101,0x3 0x4e 0x0 0x0 0x0 0x0 0x0 0x0
2025-07-25 15:33:49,Temperature,97,0x103,0x61 0x0 0x0 0x0 0x0 0x0 0x0 0x0
2025-07-25 15:33:50,RPM,900,0x101,0x3 0x84 0x0 0x0 0x0 0x0 0x0 0x0
2025-07-25 15:33:50,RPM,802,0x101,0x3 0x22 0x0 0x0 0x0 0x0 0x0 0x0
2025-07-25 15:33:51,Temperature,97,0x103,0x61 0x0 0x0 0x0 0x0 0x0 0x0 0x0
2025-07-25 15:33:51,Speed,4,0x102,0x4 0x0 0x0 0x0 0x0 0x0 0x0 0x0
2025-07-25 15:33:52,Speed,3,0x102,0x3 0x0 0x0 0x0 0x0 0x0 0x0 0x0
2025-07-25 15:33:52,Fuel,97,0x104,0x61 0x0 0x0 0x0 0x0 0x0 0x0 0x0
2025-07-25 15:33:53,Fuel,97,0x104,0x61 0x0 0x0 0x0 0x0 0x0 0x0 0x0
2025-07-25 15:33:53,Speed,0,0x102,0x0 0x0 0x0 0x0 0x0 0x0 0x0 0x0
2025-07-25 15:33:54,Speed,0,0x102,0x0 0x0 0x0 0x0 0x0 0x0 0x0 0x0
2025-07-25 15:33:54,Fuel,97,0x104,0x61 0x0 0x0 0x0 0x0 0x0 0x0 0x0
2025-07-25 15:33:55,Temperature,97,0x103,0x61 0x0 0x0 0x0 0x0 0x0 0x0 0x0
2025-07-25 15:33:55,Fuel,97,0x104,0x61 0x0 0x0 0x0 0x0 0x0 0x0 0x0
2025-07-25 15:33:56,RPM,900,0x101,0x3 0x84 0x0 0x0 0x0 0x0 0x0 0x0
2025-07-25 15:33:56,Temperature,97,0x103,0x61 0x0 0x0 0x0 0x0 0x0 0x0 0x0
2025-07-25 15:33:57,Speed,1,0x102,0x1 0x0 0x0 0x0 0x0 0x0 0x0 0x0
2025-07-25 15:33:57,Fuel,97,0x104,0x61 0x0 0x0 0x0 0x0 0x0 0x0 0x0
2025-07-25 15:33:58,RPM,848,0x101,0x3 0x50 0x0 0x0 0x0 0x0 0x0 0x0
2025-07-25 15:33:58,Fuel,97,0x104,0x61 0x0 0x0 0x0 0x0 0x0 0x0 0x0
2025-07-25 15:33:59,RPM,783,0x101,0x3 0xf 0x0 0x0 0x0 0x0 0x0 0x0
2025-07-25 15:33:59,RPM,900,0x101,0x3 0x84 0x0 0x0 0x0 0x0 0x0 0x0
2025-07-25 15:34:00,Speed,0,0x102,0x0 0x0 0x0 0x0 0x0 0x0 0x0 0x0
2025-07-25 15:34:00,Speed,0,0x102,0x0 0x0 0x0 0x0 0x0 0x0 0x0 0x0
2025-07-25 15:34:01,Speed,0,0x102,0x0 0x0 0x0 0x0 0x0 0x0 0x0 0x0
2025-07-25 15:34:01,Fuel,97,0x104,0x61 0x0 0x0 0x0 0x0 0x0 0x0 0x0
2025-07-25 15:34:02,RPM,798,0x101,0x3 0x1e 0x0 0x0 0x0 0x0 0x0 0x0
2025-07-25 15:34:03,Speed,4,0x102,0x4 0x0 0x0 0x0 0x0 0x0 0x0 0x0
2025-07-25 15:34:03,Temperature,98,0x103,0x62 0x0 0x0 0x0 0x0 0x0 0x0 0x0
2025-07-25 15:34:04,RPM,900,0x101,0x3 0x84 0x0 0x0 0x0 0x0 0x0 0x0
2025-07-25 15:34:04,Temperature,98,0x103,0x62 0x0 0x0 0x0 0x0 0x0 0x0 0x0
2025-07-25 15:34:05,Speed,0,0x102,0x0 0x0 0x0 0x0 0x0 0x0 0x0 0x0
2025-07-25 15:34:05,Temperature,98,0x103,0x62 0x0 0x0 0x0 0x0 0x0 0x0 0x0
2025-07-25 15:34:06,Fuel,97,0x104,0x61 0x0 0x0 0x0 0x0 0x0 0x0 0x0
2025-07-25 15:34:06,Fuel,97,0x104,0x61 0x0 0x0 0x0 0x0 0x0 0x0 0x0
2025-07-25 15:34:07,Temperature,98,0x103,0x62 0x0 0x0 0x0 0x0 0x0 0x0 0x0
2025-07-25 15:34:07,Speed,0,0x102,0x0 0x0 0x0 0x0 0x0 0x0 0x0 0x0
2025-07-25 15:34:08,Speed,0,0x102,0x0 0x0 0x0 0x0 0x0 0x0 0x0 0x0
2025-07-25 15:34:08,Speed,0,0x102,0x0 0x0 0x0 0x0 0x0 0x0 0x0 0x0
2025-07-25 15:34:09,Speed,0,0x102,0x0 0x0 0x0 0x0 0x0 0x0 0x0 0x0
2025-07-25 15:34:09,Temperature,99,0x103,0x63 0x0 0x0 0x0 0x0 0x0 0x0 0x0
2025-07-25 15:34:10,Speed,3,0x102,0x3 0x0 0x0 0x0 0x0 0x0 0x0 0x0
2025-07-25 15:34:10,RPM,900,0x101,0x3 0x84 0x0 0x0 0x0 0x0 0x0 0x0
2025-07-25 15:34:11,Fuel,97,0x104,0x61 0x0 0x0 0x0 0x0 0x0 0x0 0x0
2025-07-25 15:34:11,Speed,4,0x102,0x4 0x0 0x0 0x0 0x0 0x0 0x0 0x0
2025-07-25 15:34:12,Speed,1,0x102,0x1 0x0 0x0 0x0 0x0 0x0 0x0 0x0
2025-07-25 15:34:12,RPM,763,0x101,0x2 0xfb 0x0 0x0 0x0 0x0 0x0 0x0
2025-07-25 15:34:13,RPM,826,0x101,0x3 0x3a 0x0 0x0 0x0 0x0 0x0 0x0
2025-07-25 15:34:13,Fuel,97,0x104,0x61 0x0 0x0 0x0 0x0 0x0 0x0 0x0
2025-07-25 15:34:14,Speed,1,0x102,0x1 0x0 0x0 0x0 0x0 0x0 0x0 0x0
2025-07-25 15:34:14,Fuel,96,0x104,0x60 0x0 0x0 0x0 0x0 0x0 0x0 0x0
2025-07-25 15:34:15,Fuel,96,0x104,0x60 0x0 0x0 0x0 0x0 0x0 0x0 0x0
2025-07-25 15:34:15,Speed,1,0x102,0x1 0x0 0x0 0x0 0x0 0x0 0x0 0x0
2025-07-25 15:34:16,RPM,900,0x101,0x3 0x84 0x0 0x0 0x0 0x0 0x0 0x0
2025-07-25 15:34:16,Fuel,96,0x104,0x60 0x0 0x0 0x0 0x0 0x0 0x0 0x0
2025-07-25 15:34:17,Fuel,96,0x104,0x60 0x0 0x0 0x0 0x0 0x0 0x0 0x0
